Rental_ID,Customer_Name,Movie_Title,Genre,Rental_Date,Return_Date,Rental_Price,Country
1,Duane Lester,"Sullivan, Richard and Wilson",Thriller,2024-06-29,2024-07-02,199.92,Australia
2,Tina Mata,"Reed, Flowers and Gonzalez",Sci-Fi,2024-03-23,,114.48,Canada
3,Christopher Ward,Mcgee-Bennett,Animation,2024-05-06,,224.03,USA
4,Cheryl Miller,Berry and Sons,Drama,2024-04-02,2024-04-08,151.85,UK
5,Tiffany Brown,Vaughn Group,Romance,2024-06-06,2024-06-08,186.39,Japan
6,Kathryn Henderson,"Long, Haney and Smith",Animation,2024-02-28,,228.79,Canada
7,David Gutierrez,Rodriguez and Sons,Animation,2024-02-05,2024-02-08,251.3,UK
8,James Smith,Sanders and Sons,Comedy,2024-02-28,2024-03-04,156.26,Canada
9,Charles Murphy,Morris and Sons,Action,2024-04-16,,220.81,UK
10,Catherine Powell,Griffin PLC,Animation,2024-05-04,2024-05-08,203.96,France
11,Jeffrey Stewart,Erickson PLC,Sci-Fi,2024-04-24,,251.9,France
12,Frank Hicks,Walsh Inc,Horror,2024-01-28,2024-02-02,321.05,France
13,Omar Lynch,Collier-Skinner,Action,2024-02-26,,85.27,USA
14,Jeffrey Dixon,"Valencia, Brown and Coffey",Comedy,2024-01-19,2024-01-26,155.99,UK
15,Mr. Charles Cole,Singh Ltd,Thriller,2024-06-07,2024-06-13,109.48,Australia
16,Kimberly Zimmerman,Howard Inc,Romance,2024-04-28,,312.3,India
17,Debra Wilson,"Anderson, Larson and Smith",Thriller,2024-01-30,2024-02-02,321.39,France
18,Stephen Goodman,Wise Inc,Drama,2024-03-18,2024-03-20,296.46,Germany
19,Richard Goodman,Hancock Ltd,Comedy,2024-04-24,,285.91,Germany
20,Lisa Leon,"Williams, Trevino and Parker",Sci-Fi,2024-06-07,2024-06-09,358.51,USA
21,Daniel Duffy,Todd Group,Comedy,2024-02-20,2024-02-27,180.9,UK
22,Heather Johnson,Manning-White,Animation,2024-01-07,,307.25,Canada
23,Angela Carpenter,"Brady, Davenport and Harrison",Thriller,2024-04-30,,,UK
24,Amanda Odonnell,"Foster, Jones and Anthony",Thriller,2024-04-20,2024-04-28,234.85,Canada
25,Jessica Lewis,Mclaughlin PLC,Thriller,2024-02-21,,102.18,Japan
26,Sean Rios,Wilson Ltd,Action,2024-02-10,2024-02-13,326.27,Germany
27,Kelly Howard,Thornton-Beasley,Sci-Fi,2024-02-29,2024-03-06,341.1,Japan
28,Jonathan Fernandez,"Todd, Kim and Barnett",Horror,2024-04-27,2024-04-29,187.2,Australia
29,Jason Smith,Carroll Inc,Animation,2024-04-17,2024-04-20,113.12,Germany
30,Marcus Christian,Green-Benitez,Action,2024-03-06,2024-03-11,216.82,Australia
31,Michelle Weaver,"Gomez, Anderson and Jacobs",Sci-Fi,2024-01-10,2024-01-15,226.82,Germany
32,Tina Hoover,Miller-Torres,Sci-Fi,2024-02-17,2024-02-25,242.69,Japan
33,Jesse Phillips,Moon Inc,Horror,2024-04-26,2024-04-29,122.45,India
34,Amanda Wallace,Luna Inc,Horror,2024-02-17,,303.26,USA
35,Zoe Blackwell,Perry and Sons,Drama,2024-05-15,2024-05-19,221.2,UK
36,Tammy Serrano,Kim-Taylor,Romance,2024-05-23,2024-05-30,191.82,Germany
37,Donald Townsend,Baker-Clark,Thriller,2024-03-09,2024-03-12,136.75,UK
38,Mrs. Kimberly Ray MD,Lee LLC,Romance,2024-03-27,2024-03-30,295.63,India
39,Devin Davidson,Martinez Inc,Thriller,2024-04-19,2024-04-24,273.2,India
40,Judith Sherman,"Jenkins, Ritter and Mckee",Romance,2024-01-05,,90.88,Japan
41,Sean Phillips,Fernandez Inc,Animation,2024-05-10,2024-05-17,152.88,UK
42,Allison Rivera,Campbell PLC,Sci-Fi,2024-05-31,,193.12,Germany
43,Robert Stewart,"Ryan, Andrews and White",Sci-Fi,2024-01-12,2024-01-18,138.09,Japan
44,Louis Thomas,Carter-Logan,Animation,2024-01-19,2024-01-25,230.73,India
45,Renee Williams,Barnett-Harris,Drama,2024-05-05,2024-05-12,333.22,Germany
46,Sharon Hester,Roberts-Tucker,Animation,2024-03-27,2024-04-01,294.27,Canada
47,Isabella Le,Burns Inc,Horror,2024-04-23,2024-04-28,261.37,France
48,Kim Collins,Wilkerson-Pineda,Drama,2024-05-20,2024-05-28,214.69,Germany
49,Scott Turner,Edwards-Johnson,Action,2024-02-09,2024-02-11,117.7,Australia
50,Carl Trevino,Wright Group,Sci-Fi,2024-02-06,2024-02-10,,USA
51,Tracy Stuart,Gomez LLC,Comedy,2024-03-24,2024-03-27,189.03,USA
52,Anthony Jenkins,Spencer LLC,Animation,2024-06-26,2024-06-30,199.93,Germany
53,Jane Huber,Taylor and Sons,Drama,2024-02-05,2024-02-08,147.31,France
54,Dr. Jessica Savage,Keller-Ali,Action,2024-01-13,2024-01-20,101.61,Australia
55,Benjamin Clark,Lawson-Banks,Sci-Fi,2024-06-11,2024-06-19,331.59,UK
56,Jeffrey Gillespie,Kane-Brown,Sci-Fi,2024-05-15,2024-05-20,141.77,Japan
57,Chad Hendricks,Huang Group,Action,2024-03-04,2024-03-12,90.45,UK
58,Theresa Green,Fernandez LLC,Action,2024-03-29,2024-04-05,139.26,UK
59,Sarah Myers,Gonzalez LLC,Animation,2024-05-31,,233.89,Canada
60,Tracy Bradford,Archer-Sanchez,Thriller,2024-03-20,2024-03-25,108.68,UK
61,Amber Snyder,"Newton, Bolton and Walker",Horror,2024-06-13,2024-06-20,143.6,Canada
62,Carl Anthony,"Stanley, Pierce and Powell",Sci-Fi,2024-02-08,2024-02-15,286.4,Germany
63,Matthew Gonzalez,Matthews-Scott,Thriller,2024-01-27,,,UK
64,Susan Callahan,Kelly-Waters,Action,2024-03-03,,297.47,Germany
65,Jermaine Caldwell,Boyle-Newman,Romance,2024-06-10,2024-06-12,171.96,India
66,Ariel Moon,Martinez-Chambers,Horror,2024-05-06,2024-05-12,340.51,Canada
67,Andrea Nelson,Sims PLC,Drama,2024-03-14,2024-03-22,253.45,France
68,Jessica Lewis,Wallace LLC,Sci-Fi,2024-01-07,2024-01-10,228.34,Japan
69,Audrey Wiggins,Anderson-Stone,Comedy,2024-03-03,,,Japan
70,Nicole Peterson,Walker and Sons,Drama,2024-05-22,2024-05-28,252.49,Germany
71,Trevor Lewis,Nichols Group,Action,2024-03-02,,105.89,Germany
72,Nancy Wang,Morales PLC,Sci-Fi,2024-03-17,2024-03-23,127.57,Canada
73,Lisa Mclaughlin,Martinez and Sons,Thriller,2024-05-15,2024-05-21,239.97,France
74,Matthew Baker,"Hernandez, Fry and Dunlap",Drama,2024-02-16,,264.56,Canada
75,Kathleen Thomas,"Herrera, Jacobson and Green",Horror,2024-05-20,2024-05-25,,Germany
76,Debra Rodriguez,"Phillips, Martinez and Nolan",Animation,2024-05-02,2024-05-09,243.39,Canada
77,Tamara Bean,"Stevens, Miller and Hernandez",Drama,2024-03-12,2024-03-15,90.56,USA
78,Luis Johnson,"Park, Moss and Holland",Comedy,2024-01-22,2024-01-29,347.52,France
79,Kaylee Foster,"Gross, Little and Brown",Horror,2024-05-17,,326.54,Australia
80,Robert Allen,"Dennis, Frazier and Wilson",Comedy,2024-01-15,2024-01-22,209.12,UK
81,Kyle Lee,Carr LLC,Sci-Fi,2024-02-28,2024-03-05,117.71,France
82,Steven Thomas MD,Carrillo-Walker,Drama,2024-01-05,2024-01-10,,USA
83,Luis Marshall,Brewer-Harvey,Action,2024-01-23,2024-01-26,120.49,USA
84,Matthew Coleman,"Figueroa, Duncan and Mcintyre",Romance,2024-06-17,2024-06-25,225.2,Germany
85,Whitney Casey,Thomas-Bryant,Drama,2024-05-29,2024-06-05,267.12,India
86,Allison Bradley,"Robbins, Edwards and Wilson",Animation,2024-06-14,2024-06-17,222.65,Germany
87,Jennifer Galloway,"Obrien, Foster and Nichols",Drama,2024-05-23,2024-05-29,133.87,Canada
88,Victoria Turner,"Love, Ochoa and Robinson",Sci-Fi,2024-02-13,2024-02-17,311.23,Japan
89,Dana James,"Mendez, Powell and Martinez",Thriller,2024-03-31,2024-04-04,,India
90,Tiffany Mason,Scott-Delgado,Animation,2024-05-05,2024-05-12,175.29,India
91,Carla Morales,Phillips LLC,Romance,2024-06-11,,155.01,Japan
92,Jonathan Soto,"Adams, Patton and Singh",Drama,2024-02-03,2024-02-09,180.95,India
93,David Rice,Moore-Collier,Romance,2024-05-04,2024-05-09,184.38,India
94,Robert White,Hughes and Sons,Animation,2024-06-10,2024-06-13,278.56,Canada
95,David Mckenzie,"Moore, Robbins and Bell",Sci-Fi,2024-02-24,2024-03-02,242.23,India
96,Susan Williams,Riley and Sons,Animation,2024-02-11,2024-02-14,91.01,India
97,Angela Cabrera,Obrien PLC,Sci-Fi,2024-04-01,2024-04-04,131.69,USA
98,Lisa Davis,Davis-Salazar,Horror,2024-06-25,2024-06-28,349.83,Canada
99,Randall Lane,Boyd Group,Romance,2024-02-03,2024-02-05,139.36,Japan
100,Thomas Oneill,Obrien and Sons,Animation,2024-02-07,,358.29,UK
101,Kristin Smith,Schmidt-Martinez,Horror,2024-06-11,2024-06-18,124.59,Australia
102,Joseph Frank,Reid LLC,Drama,2024-01-07,2024-01-15,87.84,Japan
103,John Smith,"Pruitt, Beard and Trevino",Drama,2024-02-08,2024-02-13,169.25,Australia
104,Christopher Miller,"Rhodes, Houston and Garcia",Animation,2024-01-17,,355.09,Japan
105,Angela Collins,Jones-Reynolds,Romance,2024-01-19,,122.29,UK
106,Donna Terry,Riley-Smith,Horror,2024-01-26,2024-02-03,255.0,India
107,Michael Sanders,Li-Rose,Drama,2024-05-31,2024-06-08,171.16,Germany
108,Maria Long,"Chan, Snow and Curtis",Horror,2024-01-21,2024-01-29,115.85,Japan
109,Jon Wood,Bowen Group,Sci-Fi,2024-03-11,2024-03-14,344.98,France
110,Richard Noble,Farmer-Wells,Comedy,2024-04-11,2024-04-14,345.89,Germany
111,James Mckee,Smith Ltd,Comedy,2024-02-29,2024-03-04,181.73,Japan
112,Karen Harper,"Gordon, Richardson and Kennedy",Comedy,2024-03-23,,92.11,Australia
113,Michelle Hernandez,Phillips PLC,Action,2024-03-09,2024-03-14,115.73,Germany
114,Roger Hernandez,"Taylor, Jones and Smith",Romance,2024-02-15,2024-02-23,197.72,Japan
115,Jessica Rogers,Nelson Inc,Comedy,2024-04-27,2024-05-01,196.61,Australia
116,David Stevens,Conway PLC,Action,2024-02-26,2024-03-04,125.9,India
117,Joseph Mcfarland,Davis Ltd,Romance,2024-06-23,,208.86,Canada
118,Christopher Walker,Price Group,Thriller,2024-04-26,,136.8,Canada
119,Adam Murray,Brown Group,Action,2024-03-01,,221.97,Canada
120,Sherry Lam,Solis and Sons,Comedy,2024-01-07,2024-01-09,105.2,Japan
121,Derek Wood,Osborne Inc,Romance,2024-02-20,2024-02-28,169.04,UK
122,Andrew Cox,"Russell, Kidd and Johnson",Action,2024-06-10,,,Japan
123,Aaron Fox,"Day, Miller and Anderson",Sci-Fi,2024-01-10,2024-01-17,173.29,Japan
124,Joshua Khan,Kennedy-Wright,Animation,2024-06-22,2024-06-26,145.38,UK
125,Sarah Caldwell,Moreno PLC,Drama,2024-06-10,2024-06-13,286.42,UK
126,Richard Nguyen,"Melendez, Matthews and Brooks",Thriller,2024-02-14,2024-02-17,252.43,Japan
127,Jeffrey Allen,"Brown, Thompson and Carter",Animation,2024-02-19,2024-02-22,196.13,Canada
128,Janet Williams,"Lynch, White and Haynes",Horror,2024-03-25,,218.57,Japan
129,Daniel Brown,Graham-Richardson,Action,2024-01-06,2024-01-11,225.45,Japan
130,Marcus Bennett,Cole-Brown,Action,2024-01-28,2024-02-04,243.98,Germany
131,Ivan Taylor,Sosa Inc,Horror,2024-01-03,2024-01-10,301.04,Australia
132,Amanda Horton,Hamilton Group,Horror,2024-01-30,2024-02-03,177.72,Germany
133,Sara Wilson,Williams Inc,Sci-Fi,2024-05-31,2024-06-05,157.2,UK
134,Kimberly Davis,Flowers-Hunter,Horror,2024-03-25,,90.08,Canada
135,Peter Sharp,Chapman-Scott,Horror,2024-05-21,2024-05-26,306.83,India
136,Angela Williams,Bradford Group,Animation,2024-03-09,2024-03-12,330.67,Germany
137,Devin Gross,"Murphy, Henry and Bernard",Action,2024-05-10,,135.21,Germany
138,Alexandra Lin,Torres Ltd,Horror,2024-03-10,2024-03-12,245.03,UK
139,Carol Alexander,Farmer Inc,Romance,2024-06-10,2024-06-15,101.04,UK
140,Kimberly Serrano,Stark-Moore,Sci-Fi,2024-02-16,2024-02-21,238.74,France
141,Scott Burke,"Kidd, Robinson and Dillon",Action,2024-01-16,2024-01-24,100.28,Australia
142,Donald Wheeler,"Whitaker, Montes and Foley",Sci-Fi,2024-02-07,2024-02-12,272.09,India
143,Melissa Nunez,Hernandez-Mack,Thriller,2024-02-27,2024-03-01,92.16,UK
144,Sarah Hoffman,"Clark, Reynolds and Garcia",Drama,2024-01-16,2024-01-24,135.95,India
145,Angela Wilson,Freeman Group,Action,2024-06-20,2024-06-26,359.79,France
146,Amy Dickerson,Bright-Wilson,Action,2024-03-19,2024-03-27,,Germany
147,Michelle Byrd,"Brown, Peterson and Morales",Action,2024-03-04,2024-03-10,160.39,UK
148,Faith Miller,"Bailey, Alvarado and Duran",Romance,2024-05-21,2024-05-23,287.61,France
149,Kimberly Harris,"Young, Cervantes and Pope",Sci-Fi,2024-01-18,2024-01-25,136.68,France
150,Jonathon Greene,Briggs and Sons,Animation,2024-04-01,,291.57,France
151,Madison Thomas,Terry-Wallace,Sci-Fi,2024-03-14,2024-03-18,216.44,India
152,Katherine Davidson,"Martin, Lambert and Harding",Thriller,2024-01-13,,174.18,Australia
153,Wendy Phillips,Moran PLC,Comedy,2024-05-20,,101.12,Germany
154,Marvin Grant,Washington-Roberts,Sci-Fi,2024-01-14,2024-01-20,107.76,USA
155,Rebekah Blackburn,Allen-Gonzales,Drama,2024-03-03,2024-03-07,298.79,France
156,David Sanders,Villanueva-Hayes,Drama,2024-01-09,2024-01-11,150.85,India
157,Erin Flores,Williamson-Shah,Romance,2024-04-04,2024-04-12,246.84,UK
158,Margaret Buck,"Brooks, Hodge and Mason",Thriller,2024-01-02,,347.83,USA
159,Erin Newman,Jones-Green,Animation,2024-05-19,2024-05-26,324.32,India
160,Michael David,Jones and Sons,Horror,2024-02-16,2024-02-24,,France
161,Jonathan Stewart,"Crawford, Anderson and Hansen",Sci-Fi,2024-02-27,,303.7,France
162,Kelly Baker,Martinez-Curry,Romance,2024-05-07,2024-05-13,310.8,UK
163,Jesus Williams,"Jones, Cole and Cooper",Horror,2024-04-17,2024-04-23,349.18,USA
164,Jamie Brown,Hunter Group,Action,2024-04-13,2024-04-17,316.73,Japan
165,Cheyenne Shannon,"Weaver, Petersen and Peck",Comedy,2024-01-18,2024-01-20,204.45,Germany
166,William Malone,Johnson-Mcneil,Sci-Fi,2024-05-09,2024-05-13,192.53,France
167,Edward Adkins,Brown PLC,Romance,2024-04-18,,,France
168,Kenneth Nixon,"Hunter, Morrison and Sutton",Comedy,2024-05-13,2024-05-19,276.9,France
169,Jeremy Gardner,Myers Inc,Drama,2024-05-14,,312.07,Japan
170,William Gray,Howard-Crawford,Sci-Fi,2024-05-06,2024-05-08,,UK
171,Lorraine Summers,Burch-Marsh,Animation,2024-06-04,,332.22,USA
172,Peggy Macias,"Turner, Santos and Vance",Thriller,2024-05-17,2024-05-24,113.21,France
173,Amy Smith,Wright Ltd,Thriller,2024-01-08,2024-01-15,178.73,India
174,Brandon Cox,Jones PLC,Comedy,2024-04-18,2024-04-23,193.48,USA
175,Cheryl Guerra,Carroll PLC,Drama,2024-03-30,,313.39,Australia
176,Tiffany Rice,"Murphy, Gilbert and Andrews",Drama,2024-06-14,,103.4,USA
177,Brittany Gordon,Williamson and Sons,Thriller,2024-06-01,,307.31,France
178,Jennifer Black,Williams Group,Romance,2024-04-14,2024-04-16,302.33,Australia
179,Daniel Montgomery,"Gaines, Smith and Johns",Animation,2024-06-24,,108.58,Japan
180,Wendy Cook,Harding-Mcguire,Sci-Fi,2024-01-22,2024-01-28,154.02,Germany
181,Philip Herrera,Garcia and Sons,Horror,2024-02-18,2024-02-26,306.75,Australia
182,Justin Kelley,Bell-Golden,Animation,2024-03-16,2024-03-22,225.76,USA
183,Kelly Miller,"Harris, Hernandez and Shepard",Drama,2024-01-21,2024-01-27,93.11,Australia
184,Daniel Murray,Smith-Taylor,Comedy,2024-06-04,2024-06-11,,Australia
185,Katie Smith,Chavez-Reyes,Sci-Fi,2024-05-24,2024-05-26,346.99,Japan
186,Melissa Morris,Smith-Simpson,Comedy,2024-05-16,2024-05-24,280.56,USA
187,Elizabeth Ramsey,Scott-Johnson,Romance,2024-06-25,2024-06-29,299.49,Canada
188,Teresa Dickerson,"Costa, Reed and Daniels",Romance,2024-04-03,,169.8,Australia
189,Donna Douglas,Thompson Group,Drama,2024-05-22,2024-05-25,154.38,Germany
190,Timothy Harper,Holloway Ltd,Comedy,2024-04-28,,140.15,France
191,Leslie King,Greer-Ware,Drama,2024-02-14,2024-02-17,172.76,Japan
192,Tony Bailey,Marshall-Marquez,Sci-Fi,2024-05-14,2024-05-21,123.31,France
193,Deborah Gordon,Oconnell LLC,Romance,2024-06-24,2024-06-28,175.24,USA
194,Lisa Knight,Welch Group,Sci-Fi,2024-02-09,2024-02-15,,USA
195,Timothy Hicks,"Cooper, Martinez and Williams",Horror,2024-06-26,2024-06-29,269.69,India
196,David Martin,Patel-Wright,Drama,2024-01-29,,328.03,Australia
197,Mark Johnson,Harris Group,Thriller,2024-02-11,2024-02-15,139.85,Germany
198,Rebecca Donovan,Collins Group,Comedy,2024-02-22,2024-02-26,,USA
199,Jennifer Gould,"Hendricks, Garcia and Reid",Horror,2024-06-05,2024-06-12,293.06,Australia
200,Andrew Wright,"Jenkins, Rivas and Walker",Comedy,2024-04-30,2024-05-07,322.33,Japan
201,Dominique Ferguson,"Black, Villarreal and Mccoy",Romance,2024-03-15,2024-03-19,244.07,France
202,Mackenzie Robertson,Wright-Leon,Animation,2024-06-05,2024-06-10,95.33,Japan
203,Jennifer Archer,Bennett-Brown,Thriller,2024-05-24,,236.71,France
204,David Robinson,Galloway Ltd,Animation,2024-06-16,2024-06-23,91.79,USA
205,Dakota Garrett,"Davis, Johnson and Lam",Comedy,2024-01-10,2024-01-16,354.23,France
206,Jamie Nelson,Young and Sons,Comedy,2024-04-08,2024-04-16,340.74,Germany
207,Amber Wong,"Davies, Anderson and Stanley",Drama,2024-01-18,2024-01-22,165.04,Germany
208,Christian Wilkerson,Bell Group,Horror,2024-04-21,2024-04-24,,Canada
209,Douglas Parker,Lewis-Cuevas,Thriller,2024-05-23,2024-05-28,184.87,Australia
210,Christopher Montoya,Smith and Sons,Thriller,2024-01-01,,326.13,Japan
211,Kristen Aguilar,"Nelson, Watson and Preston",Comedy,2024-01-27,,246.89,Australia
212,Jonathan Stein,Johnson Ltd,Thriller,2024-05-16,2024-05-19,276.03,Canada
213,Timothy Shaw,Nguyen-King,Horror,2024-01-18,,328.58,Australia
214,Billy Hernandez,Michael-Navarro,Horror,2024-05-25,2024-06-02,99.17,Canada
215,James James,Bowman Group,Horror,2024-03-27,2024-04-01,197.36,Germany
216,Todd Patrick,Fritz PLC,Horror,2024-04-16,2024-04-18,172.52,UK
217,April Gentry,"Ward, Mcclure and Miller",Animation,2024-05-06,2024-05-09,123.02,Australia
218,Katelyn Graham,Ferguson-Thompson,Romance,2024-05-09,2024-05-16,178.42,India
219,Natalie Pierce,Johns and Sons,Animation,2024-05-23,2024-05-25,257.93,Australia
220,Tracy Cooper,"Maldonado, Elliott and Evans",Thriller,2024-05-12,,205.44,Australia
221,Rebecca Ward,Reed-Parks,Action,2024-05-06,,341.32,Australia
222,Lori King,"Taylor, Christian and Perez",Comedy,2024-05-16,2024-05-21,273.97,UK
223,Mrs. Helen Smith,Moran-Oliver,Action,2024-06-17,2024-06-24,185.0,Canada
224,Tyler Palmer,Davis-Lee,Animation,2024-06-02,,295.21,UK
225,Alicia Day,Morgan LLC,Comedy,2024-06-13,,97.14,Germany
226,Alex Dennis,Payne Group,Action,2024-05-08,2024-05-14,311.18,Canada
227,Russell Robertson,Roman-Humphrey,Sci-Fi,2024-03-26,2024-03-30,174.12,Japan
228,John Chavez,"Gonzalez, Gordon and Harrell",Drama,2024-05-19,2024-05-27,291.55,Canada
229,Michael Murphy,Bryant-Meyer,Animation,2024-04-12,2024-04-16,119.54,Australia
230,Lisa Brown,Smith Ltd,Animation,2024-01-18,2024-01-26,208.6,France
231,Kelsey Watts,Larsen PLC,Sci-Fi,2024-01-13,2024-01-15,,UK
232,Anne Ruiz,Gallagher PLC,Sci-Fi,2024-03-10,2024-03-18,293.28,Japan
233,Deborah Gibson,Deleon Inc,Action,2024-01-05,,81.86,Japan
234,Carrie Levine,Irwin-Willis,Comedy,2024-02-06,2024-02-08,212.71,Australia
235,Alex Larson,Smith PLC,Romance,2024-03-23,2024-03-30,299.81,UK
236,Amy Clark,Sanchez-Price,Animation,2024-04-03,2024-04-07,225.5,India
237,Jacqueline Mercado,Eaton LLC,Sci-Fi,2024-01-14,2024-01-16,153.53,France
238,Steven Matthews,"Meyers, Stanley and Simon",Romance,2024-03-29,2024-04-06,128.95,Germany
239,Taylor Jones,"Baxter, Wright and Ellison",Drama,2024-04-28,,228.67,India
240,Miguel Conley,Thornton Inc,Thriller,2024-04-30,,192.63,Japan
241,Sabrina Griffin,Morgan and Sons,Horror,2024-04-29,2024-05-04,186.22,India
242,Mary Taylor,Perez and Sons,Drama,2024-03-23,2024-03-30,268.29,India
243,Abigail Calhoun,Sullivan-Williams,Romance,2024-02-04,2024-02-07,84.94,Australia
244,Ronald Everett,Cannon-Taylor,Action,2024-02-15,,283.81,USA
245,Mr. Jacob Hayes,"Miller, Hurst and Bailey",Comedy,2024-04-19,2024-04-24,,Germany
246,Brian Gonzales,Holland-Johnson,Romance,2024-03-10,2024-03-14,320.03,Germany
247,Katie Sweeney,"Gomez, Johns and Washington",Animation,2024-06-26,,123.06,India
248,Morgan Harris,"Williams, Rojas and Campos",Horror,2024-04-24,2024-05-02,,USA
249,Judy Orr,Gray Ltd,Drama,2024-04-04,2024-04-07,215.63,Canada
250,Carolyn Frank,Mccarthy and Sons,Horror,2024-04-15,2024-04-19,142.57,USA
251,Pamela Adams,"Graham, Smith and Dorsey",Animation,2024-06-28,,259.13,Japan
252,Emily Rosales,Ward PLC,Drama,2024-03-29,2024-04-04,178.8,Japan
253,Jeff Taylor,Fuller Group,Drama,2024-06-01,2024-06-05,283.25,USA
254,Jason Marks,Nguyen-Reeves,Sci-Fi,2024-02-06,2024-02-14,125.36,USA
255,Karen Ferguson,Rivera Group,Comedy,2024-06-06,,130.45,UK
256,Maria Becker,Coleman-Walker,Horror,2024-05-26,,225.5,UK
257,Donna Smith,"Leblanc, Sexton and Rios",Thriller,2024-04-23,,297.63,UK
258,Patricia Sheppard,"Bell, Orozco and Christensen",Thriller,2024-04-13,,244.41,UK
259,Elizabeth Beard,Warren and Sons,Thriller,2024-05-09,2024-05-16,141.19,USA
260,Brittany Moore,Harvey Inc,Sci-Fi,2024-01-28,2024-02-05,252.8,France
261,Lisa Miller,Patton-Henderson,Action,2024-06-18,,204.69,France
262,Tracey Arnold,Singh-Williams,Comedy,2024-02-22,2024-02-27,230.74,Germany
263,Phyllis Brennan,"Smith, Day and Howard",Horror,2024-02-08,2024-02-10,121.14,Germany
264,William Mitchell,Holloway Group,Action,2024-06-20,2024-06-23,148.38,Australia
265,Megan Brown,"Esparza, Evans and Nicholson",Thriller,2024-04-04,2024-04-07,,Germany
266,Sheri Murphy,Collier LLC,Drama,2024-03-11,2024-03-14,102.69,Canada
267,Chelsea Gay,Golden Ltd,Action,2024-01-23,,164.34,India
268,Savannah Elliott,Montes LLC,Comedy,2024-03-18,2024-03-24,,USA
269,Martin Adams,Robinson Group,Drama,2024-05-22,2024-05-28,108.57,Germany
270,Sherry Henderson,Smith and Sons,Sci-Fi,2024-05-05,,305.79,India
271,Thomas Brewer,Harris Ltd,Sci-Fi,2024-03-20,2024-03-22,334.05,UK
272,Sara Jones,"Adkins, Arellano and Williams",Action,2024-04-29,2024-05-04,256.27,Japan
273,Tiffany Brown,Chapman-Woods,Drama,2024-05-24,2024-06-01,147.24,USA
274,Nicholas Henderson,"Garcia, Walker and Francis",Action,2024-05-23,,258.23,Canada
275,John Fox,Atkins Group,Action,2024-04-25,2024-04-29,296.18,Germany
276,Peggy Anderson,Cole LLC,Comedy,2024-06-12,2024-06-16,233.03,UK
277,Amber Peterson,"Salazar, Lee and Chavez",Drama,2024-01-25,2024-01-27,262.56,Germany
278,Alfred Combs,Harmon and Sons,Animation,2024-02-01,2024-02-03,345.65,Canada
279,Michael Yoder,Anderson PLC,Romance,2024-06-03,2024-06-11,335.84,Australia
280,Elijah Ortiz,"Rodgers, Terry and Torres",Action,2024-03-20,2024-03-26,174.09,Australia
281,Kelly Wilson,Caldwell-Whitehead,Animation,2024-03-17,2024-03-23,340.4,India
282,Nicole Rivera,"Thomas, Washington and Stout",Drama,2024-06-27,,,UK
283,Kevin Anderson,Schmidt-Baker,Horror,2024-02-02,2024-02-05,,USA
284,Jennifer Robinson,Smith-Martinez,Comedy,2024-02-28,2024-03-06,345.01,Canada
285,Michael Dean,"Estrada, Watkins and Turner",Romance,2024-06-25,,273.39,Japan
286,Jennifer Vega,"Wood, Bennett and Bradley",Horror,2024-04-09,,325.15,Germany
287,Brandon Lopez,"Lowery, Nielsen and Valencia",Romance,2024-03-04,2024-03-08,252.68,France
288,Robin Matthews,Patterson-Sweeney,Comedy,2024-03-08,,220.68,India
289,Jennifer Hebert,"Norton, Gonzalez and Collins",Comedy,2024-01-11,2024-01-18,147.4,USA
290,Michelle Reeves,Thomas PLC,Romance,2024-02-28,2024-03-03,138.73,Canada
291,Michael Ferguson,Russell-Poole,Thriller,2024-03-19,2024-03-21,,Canada
292,James Sharp III,"Shaw, Allen and Parks",Animation,2024-02-01,2024-02-09,356.88,UK
293,Robert Torres,"Murphy, Davis and Hall",Animation,2024-02-23,2024-03-01,270.99,India
294,Jeremy Chavez,"Sanchez, Buchanan and Hall",Action,2024-04-06,,,Japan
295,Erik Green,Colon Ltd,Animation,2024-06-08,2024-06-10,226.62,USA
296,Sean Buchanan,Jimenez PLC,Romance,2024-02-17,2024-02-21,266.47,Germany
297,Kyle Pratt,Huynh-Gonzales,Animation,2024-03-07,2024-03-14,168.42,Germany
298,Mitchell Brown,Ramos Inc,Sci-Fi,2024-06-25,2024-07-01,276.71,India
299,Raymond Moore,"Martinez, Adams and Barber",Comedy,2024-03-02,2024-03-04,81.44,USA
300,Michael Gilbert,Wilson-Alexander,Horror,2024-04-09,,326.94,Japan
301,Susan Mendoza,"Nelson, Washington and Green",Thriller,2024-03-13,2024-03-17,191.58,Germany
302,Caitlin Levine,"Dalton, Jones and Olson",Thriller,2024-05-22,,227.42,France
303,John Anderson,Chaney Group,Action,2024-04-04,2024-04-08,224.89,UK
304,Samantha Hughes,"Perez, Allison and Durham",Thriller,2024-06-18,2024-06-21,,France
305,Gregory Avila,"Stuart, Reid and Gutierrez",Comedy,2024-06-12,2024-06-17,201.82,France
306,Michael Jackson,Johnson PLC,Animation,2024-06-07,,122.13,Canada
307,Elizabeth Young,Patel LLC,Drama,2024-02-15,2024-02-18,248.47,UK
308,Mary Mccann,Turner-Walker,Animation,2024-06-11,2024-06-15,113.53,Australia
309,Justin Martin,Herman LLC,Comedy,2024-04-18,,172.32,India
310,Stephanie Jones,"Patterson, Hernandez and Peterson",Horror,2024-06-07,2024-06-11,167.82,India
311,Kimberly Contreras,Walker and Sons,Drama,2024-04-01,2024-04-04,295.64,France
312,Manuel Pearson,Silva-King,Thriller,2024-05-06,2024-05-12,105.06,Germany
313,Alice Lewis,Barber-Campos,Comedy,2024-06-07,2024-06-13,269.64,Japan
314,Thomas Hernandez,"Wagner, Torres and Baker",Animation,2024-05-11,,255.86,Germany
315,Christian Wyatt,"Edwards, Sharp and Johnson",Sci-Fi,2024-06-06,2024-06-08,108.58,USA
316,Kenneth Jensen,Johnson PLC,Comedy,2024-04-02,,294.0,India
317,Matthew Mcmahon,"Hendricks, Brooks and Mcfarland",Sci-Fi,2024-04-07,2024-04-15,356.28,Australia
318,Heather Paul,Graham Ltd,Sci-Fi,2024-06-25,2024-06-30,344.44,USA
319,Katherine Phelps,Jensen Ltd,Comedy,2024-06-08,2024-06-13,183.87,France
320,Andres Fields,"Haynes, Parrish and Davis",Animation,2024-02-04,,352.39,Australia
321,Brett Jackson,Gilbert-Fuller,Animation,2024-01-30,,300.4,France
322,David Rhodes,Williams PLC,Drama,2024-02-12,,229.09,India
323,William Webb,"Ruiz, Park and Walker",Animation,2024-01-08,2024-01-13,164.55,Germany
324,Alexis Baker,"Lawson, Olson and Lyons",Animation,2024-04-29,,104.91,Japan
325,Nathan Gonzalez,"Smith, Smith and Reid",Horror,2024-06-22,2024-06-29,313.14,Germany
326,Dylan Miller,"Cochran, Schwartz and Taylor",Thriller,2024-03-19,2024-03-21,249.75,UK
327,Michael Freeman,"Oneill, Cooper and Dunn",Animation,2024-02-28,2024-03-05,311.23,UK
328,James Heath,Scott Group,Thriller,2024-02-23,2024-02-27,182.12,India
329,William Cummings,"Manning, Anderson and Freeman",Drama,2024-03-05,2024-03-08,148.36,USA
330,Robert Clark,Velez-Collins,Horror,2024-01-28,2024-02-02,132.3,USA
331,Jamie Butler,"Sanders, Alvarez and West",Sci-Fi,2024-02-19,,290.45,Germany
332,Norma Li,"Martin, Deleon and Palmer",Sci-Fi,2024-06-19,2024-06-22,189.37,UK
333,Carrie West,Wolfe Group,Thriller,2024-05-31,2024-06-02,355.31,USA
334,Wyatt Schultz,Martin-Griffin,Thriller,2024-04-24,2024-04-28,196.52,Germany
335,Beth Thompson,"Terry, Crawford and Butler",Romance,2024-01-25,2024-01-30,82.31,Germany
336,Steven Brown,"Munoz, Esparza and Conrad",Drama,2024-02-12,2024-02-17,,India
337,Donald Hayes,"Booth, Phillips and Peters",Sci-Fi,2024-03-03,,,India
338,Travis Bowers,Guerrero LLC,Horror,2024-04-21,2024-04-29,330.96,Germany
339,Cody Hernandez,Smith-Dean,Comedy,2024-05-27,,181.87,France
340,Ricardo Leach,"Ross, Hull and Smith",Animation,2024-03-06,2024-03-13,223.97,Japan
341,Olivia Norris,Lane-Miranda,Comedy,2024-02-22,2024-02-24,83.64,UK
342,William Chapman,Juarez-Herrera,Romance,2024-03-02,2024-03-08,155.56,USA
343,Debbie Osborn,White Inc,Thriller,2024-02-11,2024-02-14,,Australia
344,Mary Reed,"Mcdowell, Jones and King",Horror,2024-01-08,2024-01-12,204.39,USA
345,Jennifer Paul,Green-Baker,Sci-Fi,2024-04-08,,226.31,Canada
346,Melinda Flores,Mcdowell-Chang,Drama,2024-05-08,2024-05-13,302.12,UK
347,Matthew Garcia,"Wagner, Nelson and Baker",Horror,2024-02-14,,143.19,Canada
348,Daniel Warren,"Johnson, Olson and Ochoa",Action,2024-03-22,2024-03-26,156.57,Japan
349,Ricky Gross,"Johnson, Christensen and Aguilar",Action,2024-01-02,,239.53,Canada
350,Samantha Morris,"Jimenez, Sullivan and Mcdonald",Thriller,2024-01-10,2024-01-18,280.41,Australia
351,Timothy Martinez,Young LLC,Thriller,2024-02-26,2024-03-05,85.73,Australia
352,Stephen Henry,Ford Group,Comedy,2024-06-16,2024-06-20,308.24,Japan
353,Christy Williams,"Avila, Garza and Colon",Romance,2024-01-20,2024-01-25,147.7,Germany
354,Maria Mitchell,Koch Inc,Thriller,2024-05-16,2024-05-18,157.79,France
355,Beth Frank,Vasquez-Perez,Drama,2024-06-17,2024-06-22,89.9,Australia
356,Marcus Oneal,Sanders Inc,Action,2024-05-22,2024-05-28,353.51,Canada
357,Paul Haynes,"Pierce, Obrien and Taylor",Drama,2024-06-28,2024-06-30,223.38,USA
358,Antonio Perkins,"Cox, Roman and Gonzalez",Animation,2024-01-14,2024-01-20,,Canada
359,Daniel Peterson,Lynn Group,Romance,2024-01-13,2024-01-21,100.49,Germany
360,James Allen,Ortega-Johnson,Comedy,2024-03-31,2024-04-03,237.26,Japan
361,Karen Smith,Moore Group,Comedy,2024-03-26,,331.38,Germany
362,Donald Tran,"Walker, Bird and Butler",Horror,2024-02-10,,245.51,France
363,Hunter Shaw,"Love, Fox and Gonzales",Drama,2024-04-17,2024-04-20,244.37,UK
364,Annette Sullivan,"Taylor, Watts and Brown",Thriller,2024-06-29,,332.31,India
365,Joseph Schaefer,"Davis, Flores and Todd",Action,2024-05-05,,211.83,France
366,Joseph Williams,Rice-Smith,Drama,2024-01-30,2024-02-03,,Germany
367,Patricia Miller,Myers-Dawson,Comedy,2024-03-02,,264.02,France
368,Emily Stewart,Brown LLC,Horror,2024-05-30,2024-06-05,269.78,UK
369,Tyler Ramos,Patterson Ltd,Romance,2024-04-08,2024-04-11,284.03,Australia
370,Spencer Tucker,Lee PLC,Romance,2024-01-02,2024-01-08,323.08,USA
371,Brian Mills,James Inc,Drama,2024-05-15,2024-05-20,277.88,Australia
372,Nicholas Henderson,Scott-Stewart,Animation,2024-01-25,,305.54,Germany
373,James Chen,"Roth, Ferguson and Myers",Thriller,2024-04-08,2024-04-15,249.95,Australia
374,Bianca Snyder,Bell Inc,Romance,2024-05-07,2024-05-09,234.88,Germany
375,Douglas James,"Hess, Palmer and Munoz",Sci-Fi,2024-02-21,,173.87,India
376,Michelle Martinez,"Ramos, Brown and Perez",Comedy,2024-02-14,,228.88,Canada
377,Cynthia Smith,Baker LLC,Romance,2024-02-13,2024-02-15,294.79,Australia
378,Christopher Acosta,Orr PLC,Thriller,2024-01-26,2024-02-02,,India
379,Megan Williams,Shepherd-Holmes,Drama,2024-02-08,2024-02-10,205.05,USA
380,Shannon English,"Lewis, Duncan and Owens",Comedy,2024-06-14,2024-06-17,142.38,Japan
381,Walter Murray,Patel-Costa,Animation,2024-02-06,2024-02-11,306.69,Canada
382,Jessica Wade,"Perez, Hayes and Evans",Romance,2024-01-27,2024-01-30,204.38,France
383,Scott Palmer,"Huff, Lee and Gould",Drama,2024-06-22,2024-06-26,332.63,Canada
384,Regina Williams,"Garcia, Martin and Edwards",Horror,2024-03-26,2024-04-03,184.14,UK
385,Tyler Hanson,"Bailey, Ellis and Davis",Animation,2024-05-25,2024-05-28,109.42,Australia
386,Timothy Clark,"Francis, Hill and Watkins",Drama,2024-06-02,,128.09,Japan
387,Barbara Morris,Gonzales-Burch,Thriller,2024-04-26,2024-05-02,273.32,UK
388,Barbara Bartlett,Armstrong-Mason,Comedy,2024-02-10,2024-02-16,149.67,Japan
389,Gail Cox,"Mcdowell, Hart and Delacruz",Comedy,2024-06-12,2024-06-14,121.18,Canada
390,Gail Rhodes,Bean LLC,Comedy,2024-03-26,2024-04-03,176.27,Japan
391,Alyssa Evans,Anderson Inc,Thriller,2024-03-26,2024-03-30,227.63,UK
392,Kathleen Hess MD,"Crawford, Ross and Brooks",Romance,2024-01-27,2024-01-29,205.52,Australia
393,Andrea Villarreal,Barnett Group,Animation,2024-03-23,2024-03-25,105.44,Germany
394,Maria Sparks,"Johnson, Porter and Martinez",Drama,2024-02-04,2024-02-10,231.75,Germany
395,Anna Boyd,Gallagher Group,Animation,2024-04-18,,226.03,USA
396,Sophia Callahan,Bright LLC,Comedy,2024-03-14,,276.98,USA
397,Samuel Powell,Carter-Johnson,Drama,2024-06-15,,,Japan
398,Patricia Jones,Turner-Adams,Action,2024-06-08,2024-06-14,331.82,Canada
399,Jared Edwards,"Reilly, Brown and Murphy",Drama,2024-04-30,2024-05-07,264.87,Canada
400,Maria Burton,Kline-Berg,Sci-Fi,2024-04-14,2024-04-22,117.93,Japan
401,Stephanie Odonnell,"Ortiz, Navarro and Huynh",Sci-Fi,2024-01-08,2024-01-11,220.77,France
402,Jeffrey Campos,Crawford-Bell,Horror,2024-06-03,2024-06-07,316.65,France
403,Jennifer Cruz,Kim Inc,Comedy,2024-05-20,2024-05-23,108.46,Australia
404,Jamie Harris,Jackson-Carroll,Thriller,2024-06-18,2024-06-26,350.58,India
405,Emma Peterson,Harris-Williams,Drama,2024-01-01,,220.55,Australia
406,Ralph Smith,Hicks LLC,Sci-Fi,2024-03-06,2024-03-12,116.33,Australia
407,Jacob Frost,"Hines, Smith and Graves",Drama,2024-01-14,2024-01-19,,UK
408,Richard Mooney,Daniels LLC,Drama,2024-04-01,2024-04-04,151.4,Canada
409,Sarah Gibson,Cole and Sons,Animation,2024-06-11,2024-06-19,181.43,Canada
410,Mr. Mark Lee MD,Sexton PLC,Horror,2024-03-29,2024-04-06,99.27,UK
411,Thomas Friedman,Valdez-Adams,Horror,2024-02-27,2024-03-04,150.39,Japan
412,William Stevens,"Rivas, Davis and Norman",Thriller,2024-01-26,2024-02-02,304.57,USA
413,Kimberly Conway,"Cunningham, Franklin and Rasmussen",Thriller,2024-01-30,2024-02-05,198.45,Germany
414,Christine Gardner,Rosario Group,Drama,2024-02-17,,194.04,Australia
415,Karen Maxwell,Brown Inc,Action,2024-03-01,,183.01,India
416,Daniel Mosley,Berry-Perez,Drama,2024-01-06,,180.66,Germany
417,Christopher Smith,Krause Group,Romance,2024-02-20,2024-02-22,291.43,Japan
418,Dennis Larson,Li-Sanchez,Animation,2024-03-13,,312.37,France
419,Rebecca Patel,Hunter and Sons,Comedy,2024-06-26,2024-07-04,,France
420,Ashley Rollins,Jones and Sons,Sci-Fi,2024-03-20,,257.65,UK
421,Adam Sanchez,"Davidson, Estes and Smith",Sci-Fi,2024-05-04,,293.22,Canada
422,Timothy Camacho,Gibson-May,Action,2024-04-09,2024-04-13,93.31,India
423,Joseph Woods,"Martinez, Erickson and Rivera",Animation,2024-05-11,2024-05-16,358.15,Japan
424,Pamela Vincent,Watts-Hall,Sci-Fi,2024-04-29,,162.61,Japan
425,Amber Stevens,Clements-Blackburn,Horror,2024-04-08,2024-04-14,322.14,Japan
426,Joy Jones,"Young, Simmons and Henson",Romance,2024-01-26,2024-01-28,296.52,Japan
427,Chelsea Ramirez,"Gomez, Burton and Peters",Animation,2024-06-29,2024-07-02,,Australia
428,Alice Patrick,James-Barber,Romance,2024-06-13,2024-06-19,216.96,Canada
429,Casey Ramirez,Lindsey-Wells,Animation,2024-03-24,2024-03-31,224.69,Canada
430,Jose Schmitt,Smith-Chen,Drama,2024-06-16,,273.56,USA
431,Todd Pope,Wood-Gallegos,Animation,2024-01-29,2024-02-03,181.01,India
432,Rodney Rojas,Francis Ltd,Sci-Fi,2024-03-31,2024-04-07,334.27,Germany
433,Brittany Rhodes,"Dawson, Martin and Wilson",Romance,2024-01-17,,198.09,Germany
434,Barbara Brown,"Webb, Clark and Garrett",Horror,2024-06-27,2024-07-05,242.24,France
435,Briana Wong,Cook-Harvey,Action,2024-02-15,2024-02-23,131.25,USA
436,Christopher Jackson,"Roach, Hughes and Hill",Animation,2024-03-27,2024-04-01,,India
437,Amanda Watkins,"Franklin, Johnson and Bullock",Horror,2024-03-29,2024-04-06,253.89,Canada
438,Ann Ortega,"Stewart, Payne and Jackson",Drama,2024-01-03,2024-01-07,89.04,Japan
439,Anthony Miller,"Mills, Cohen and Oliver",Drama,2024-06-18,2024-06-21,,Canada
440,Carol Robinson,Brown LLC,Thriller,2024-05-25,,142.82,Canada
441,Brian Jacobs,Ochoa-Johnson,Sci-Fi,2024-05-29,,331.77,Canada
442,Jesus Randolph,"Nelson, Cox and Austin",Comedy,2024-04-27,2024-05-04,174.83,India
443,Shannon Salazar,Elliott-Stephenson,Comedy,2024-01-23,2024-01-31,317.61,Australia
444,Jessica Romero,Long-Jackson,Horror,2024-03-29,2024-04-06,150.96,France
445,Austin Brown,"Dalton, Brown and Giles",Thriller,2024-01-10,2024-01-14,,Germany
446,William Perez,Williams-Gardner,Thriller,2024-01-09,2024-01-12,209.95,India
447,Fred Morton,Baker-Scott,Comedy,2024-04-11,2024-04-17,287.98,India
448,Julie Benitez,"Hoover, Rodriguez and Willis",Horror,2024-02-15,2024-02-21,127.25,UK
449,Steven Coleman,Bartlett and Sons,Comedy,2024-03-20,2024-03-24,272.58,France
450,Kimberly Rivera,Kennedy LLC,Romance,2024-06-09,2024-06-12,135.78,Canada
451,Jay Wright,"Mitchell, Collins and Stewart",Horror,2024-02-06,2024-02-10,142.52,USA
452,Loretta Nielsen MD,Brown-Wheeler,Comedy,2024-05-21,,291.72,Japan
453,Joshua Butler,Mullins PLC,Action,2024-04-06,,349.75,India
454,Dawn Lara,"Levy, Jackson and Jackson",Animation,2024-02-02,2024-02-09,85.05,UK
455,Amy Carson,Martinez and Sons,Drama,2024-03-02,,250.88,Japan
456,Brian Johnson,Gutierrez-Wright,Horror,2024-04-18,2024-04-26,239.86,UK
457,Donald Sutton,"Proctor, Levy and Atkinson",Sci-Fi,2024-05-07,2024-05-11,156.69,Canada
458,Elizabeth Herrera,Gonzales LLC,Sci-Fi,2024-03-21,,259.73,Japan
459,Zachary Taylor,Smith-Mckinney,Thriller,2024-05-03,2024-05-08,,Germany
460,Deborah Griffin,Bradford LLC,Thriller,2024-03-05,2024-03-08,358.24,Australia
461,Nicholas Johnson,"Spencer, Taylor and Welch",Animation,2024-06-16,2024-06-24,310.55,UK
462,Sandra Martinez,Alexander-Gilbert,Thriller,2024-05-18,2024-05-22,202.79,UK
463,Paul Johnson,Johnson PLC,Thriller,2024-03-05,,303.16,USA
464,Shawn Weaver,Gates-Ramirez,Romance,2024-03-20,2024-03-24,263.73,Australia
465,Brandon Nunez,Baker-Collins,Action,2024-03-07,2024-03-09,215.15,USA
466,Joseph Patton,Silva PLC,Animation,2024-05-06,2024-05-11,329.35,Australia
467,Elizabeth Murphy,Gallegos-Figueroa,Sci-Fi,2024-02-18,2024-02-20,93.42,Australia
468,Judy Wyatt,Fields Group,Thriller,2024-04-26,2024-05-04,84.96,India
469,Gabriella Hoffman,Ford LLC,Drama,2024-03-18,,,India
470,Timothy Robinson,Greer LLC,Comedy,2024-04-25,2024-05-02,,Germany
471,Christopher Mccoy,"Marshall, Fitzpatrick and Duke",Action,2024-05-10,2024-05-16,293.76,Canada
472,Alyssa Mahoney,Obrien and Sons,Sci-Fi,2024-03-31,2024-04-08,232.42,Australia
473,Scott Nelson,Martin LLC,Comedy,2024-01-06,2024-01-10,217.32,Australia
474,Rebecca Herring,"Walsh, Mitchell and Newman",Horror,2024-01-20,2024-01-26,328.74,India
475,Jamie Mueller,Nguyen Group,Comedy,2024-01-16,2024-01-23,273.63,Japan
476,Dwayne Gonzalez,Schmitt-King,Sci-Fi,2024-06-02,2024-06-05,171.05,Canada
477,Nicole Butler,Rangel-Anderson,Horror,2024-05-18,2024-05-21,215.41,France
478,Chloe Evans,Boone PLC,Comedy,2024-01-13,2024-01-17,170.04,USA
479,Kristina Davis,Young-Brown,Animation,2024-04-28,,255.34,UK
480,Joseph Evans,"Hernandez, Smith and Oneill",Animation,2024-02-05,2024-02-10,167.41,Japan
481,Jacqueline Owens,Smith-Sutton,Action,2024-05-29,2024-06-03,104.54,Japan
482,Christopher Eaton,Johnston-Martinez,Romance,2024-01-28,2024-02-05,,India
483,Paul Ramos,Moore Ltd,Horror,2024-04-30,2024-05-04,126.98,Germany
484,James Richards,Bryant PLC,Animation,2024-04-05,,134.29,Japan
485,William Knight,"Anderson, Rodriguez and West",Thriller,2024-04-11,2024-04-13,125.9,UK
486,William Kirk,Powell-Campbell,Thriller,2024-02-05,2024-02-09,174.68,UK
487,Bonnie Conley,Mann-Mckay,Horror,2024-05-25,2024-05-30,156.26,India
488,Shelia Charles,"Sharp, Holland and Alexander",Comedy,2024-02-14,2024-02-21,213.17,Germany
489,Jason Anderson,"Price, Hale and Williams",Comedy,2024-04-24,,,USA
490,Rhonda Morgan,Reyes PLC,Comedy,2024-02-28,,270.57,India
491,Kathleen Fox,"Graves, Payne and Lynn",Thriller,2024-04-06,,355.98,India
492,Patrick Wright,Fisher Group,Horror,2024-02-16,2024-02-20,339.59,UK
493,Kenneth Townsend,"Brown, Banks and Munoz",Horror,2024-03-12,,317.09,Australia
494,Kenneth Lyons,Richardson-Lee,Sci-Fi,2024-02-27,2024-03-03,173.12,Australia
495,Alyssa Black,Carroll Group,Thriller,2024-05-06,2024-05-09,138.23,Australia
496,Ashley Simpson,Ross-Morris,Drama,2024-03-17,2024-03-19,,India
497,Amanda Martin,Morrison-Larson,Sci-Fi,2024-06-22,2024-06-26,247.19,Japan
498,Nicole Lee,Campbell Inc,Comedy,2024-03-27,2024-04-01,225.2,Australia
499,Cheyenne Case,Hunter Group,Action,2024-03-05,2024-03-11,191.81,UK
500,Jonathan Williams,Donaldson Inc,Action,2024-02-20,2024-02-22,102.68,UK
501,Vanessa Willis,Smith-Perry,Action,2024-06-16,2024-06-22,105.84,USA
502,Derrick Hood,"Wyatt, Jones and Esparza",Animation,2024-01-10,,330.64,Japan
503,William Bell,Jackson LLC,Sci-Fi,2024-03-17,,101.39,France
504,Heidi Jackson,Berg-Duncan,Drama,2024-05-29,2024-06-02,309.99,France
505,Karla Moore,Dalton-Goodwin,Action,2024-04-25,2024-04-30,222.93,France
506,Donald Carr,"James, Carson and Smith",Action,2024-05-09,,235.05,Japan
507,Melanie Atkinson,Patton-Faulkner,Action,2024-04-08,,324.66,France
508,Brent Miller,Kane-Fernandez,Sci-Fi,2024-05-23,2024-05-29,,Germany
509,Daniel Christensen,Garrett-Ferrell,Horror,2024-03-04,2024-03-07,167.55,France
510,Joseph Campbell,Wilson-Moore,Comedy,2024-01-01,2024-01-07,304.0,India
511,Madison Rodriguez,"Smith, Palmer and Schwartz",Drama,2024-05-06,,215.04,Germany
512,Mary Coleman,Gilbert-Farmer,Romance,2024-05-27,,338.01,Canada
513,Stacy Miller,Porter PLC,Action,2024-06-03,2024-06-05,,India
514,Luis Cole,Mckay and Sons,Action,2024-01-16,2024-01-23,91.28,Canada
515,Tiffany Miller,Petty-Martinez,Sci-Fi,2024-04-06,2024-04-09,341.31,USA
516,Allison Keller,"Ibarra, Wright and Rivers",Action,2024-02-04,2024-02-10,142.11,UK
517,Monique Brooks,Hall-Walters,Romance,2024-05-16,,,UK
518,Jacqueline Atkins,"Carlson, Bradley and Thomas",Horror,2024-02-09,2024-02-13,340.2,India
519,Jennifer Fritz,Morales Group,Animation,2024-02-28,2024-03-07,212.09,India
520,Mark Thomas,Glass Ltd,Horror,2024-04-08,2024-04-14,,Germany
521,Gregory Watson,"Hebert, Taylor and Brown",Animation,2024-01-17,2024-01-21,252.94,India
522,Joseph Vaughan,Mitchell-Thompson,Action,2024-04-03,2024-04-06,338.69,India
523,Gabriel Walsh,Alvarez-Woods,Sci-Fi,2024-05-02,,285.29,Canada
524,Jenna Coleman,Strong Ltd,Comedy,2024-04-11,2024-04-14,149.82,Australia
525,Tina Waller,Hahn Inc,Animation,2024-05-17,2024-05-25,169.25,Australia
526,Albert Sims,"Davila, Rocha and Crawford",Horror,2024-05-14,2024-05-19,260.22,UK
527,Yolanda Gonzalez,"Cohen, White and Smith",Animation,2024-06-11,2024-06-19,188.35,Germany
528,Casey Trujillo,Tucker Inc,Animation,2024-05-01,2024-05-03,155.93,USA
529,Thomas Greene,Wilson-Cruz,Horror,2024-01-14,2024-01-18,283.98,India
530,Emily Reyes,Payne PLC,Sci-Fi,2024-04-10,,144.48,UK
531,Michele Jones PhD,"Maldonado, Johnson and Kelly",Comedy,2024-04-21,2024-04-28,316.65,USA
532,Grant Miller,Davidson Inc,Romance,2024-01-23,2024-01-30,92.35,Australia
533,Suzanne Schmidt,"Collins, Duncan and Williams",Thriller,2024-05-13,,274.69,India
534,Kayla Rodriguez,Hart PLC,Romance,2024-01-11,,81.71,Germany
535,Angela Johnson,"Park, Sanchez and Bradford",Sci-Fi,2024-05-19,,174.01,Germany
536,Kaitlyn Yang,Smith and Sons,Romance,2024-05-13,2024-05-17,329.0,France
537,Richard Velasquez,Molina Group,Romance,2024-03-07,2024-03-09,201.07,Germany
538,Katelyn Vargas,Collins LLC,Sci-Fi,2024-02-13,2024-02-15,209.33,France
539,Angel Armstrong,Joseph-Williams,Romance,2024-04-05,2024-04-13,178.2,Canada
540,Crystal Flores,"Summers, Potter and Beck",Action,2024-04-08,2024-04-12,,Australia
541,Thomas Padilla,Mitchell Ltd,Sci-Fi,2024-06-26,2024-06-28,173.6,Australia
542,Michael Smith,"Rogers, Myers and Keith",Drama,2024-02-25,2024-02-28,319.56,Australia
543,James Rodriguez,Fields LLC,Romance,2024-03-21,2024-03-26,,UK
544,Jessica Wilson,"Manning, Martinez and Cowan",Animation,2024-01-21,2024-01-27,298.82,Canada
545,Brianna Long,"Rivera, Frederick and Little",Romance,2024-04-19,2024-04-24,,Germany
546,Kimberly Michael,"Benitez, Ortega and Romero",Romance,2024-04-23,2024-04-27,118.35,Australia
547,Nicole Perkins,Crane-Owens,Sci-Fi,2024-04-09,2024-04-17,305.26,USA
548,Maureen Howard,Jackson Group,Drama,2024-03-09,2024-03-11,307.36,India
549,Nicholas Wilson,"Mueller, Fernandez and Torres",Horror,2024-02-14,2024-02-16,103.04,UK
550,Russell Cruz,Gonzales-Ross,Thriller,2024-06-02,,284.81,UK
551,Joseph Buckley,Adams LLC,Drama,2024-05-09,2024-05-13,294.54,USA
552,Maria David,Smith-Mitchell,Comedy,2024-03-17,2024-03-21,359.13,Australia
553,Derek Smith,Martinez Inc,Sci-Fi,2024-01-10,2024-01-17,222.14,UK
554,Cynthia Parks,"English, Hernandez and Todd",Thriller,2024-05-13,,258.08,India
555,Michael Herman,Phillips-Bryant,Sci-Fi,2024-02-20,2024-02-26,171.99,Australia
556,Patricia Williams,Mckay-Hunter,Animation,2024-02-18,2024-02-25,330.83,Japan
557,Thomas Gilbert,Williams-Thompson,Comedy,2024-03-16,,,India
558,John Tucker,Burch LLC,Romance,2024-01-27,2024-02-01,215.37,Canada
559,Deborah Lewis,Davila-Stevens,Romance,2024-02-09,2024-02-17,96.83,Japan
560,Jeffrey Anderson,Hess and Sons,Romance,2024-03-27,,,Germany
561,Joshua Lucero,Harris LLC,Animation,2024-01-03,,85.48,India
562,Sheryl Green,"Martin, Banks and Lucero",Drama,2024-06-02,2024-06-08,91.77,Germany
563,Justin Underwood,Fritz-Jones,Comedy,2024-01-25,2024-02-02,102.27,France
564,Jamie Short,Gomez-Patel,Animation,2024-01-13,2024-01-19,,Japan
565,Monica Davis,Farmer-Frank,Thriller,2024-03-05,2024-03-07,164.04,Australia
566,Mark Lucas,Davidson-Henderson,Romance,2024-02-14,2024-02-21,236.78,Germany
567,Kenneth Mclaughlin,"Lucas, Taylor and Leach",Comedy,2024-05-30,,243.48,India
568,David Ryan,Brady LLC,Horror,2024-03-19,2024-03-26,,Australia
569,Jeremy Stanton,Perez-Lane,Horror,2024-06-18,,180.88,UK
570,Kevin Dean,Bird-May,Thriller,2024-04-21,2024-04-25,216.32,UK
571,Jacob Fox,Weber LLC,Romance,2024-05-28,2024-06-05,172.5,USA
572,Amber Cook,Clark-Stone,Animation,2024-04-23,2024-05-01,238.09,UK
573,James Stevens,Potts Ltd,Animation,2024-02-14,,128.56,Germany
574,Martin Williams,"Morgan, Delacruz and Sullivan",Action,2024-04-08,2024-04-12,324.35,USA
575,Juan Simon,"Medina, Armstrong and Martinez",Action,2024-01-31,2024-02-08,348.31,Canada
576,Austin Mullins,Thomas-Phillips,Horror,2024-03-15,2024-03-22,345.58,USA
577,Howard Quinn,Hawkins-Cunningham,Sci-Fi,2024-03-09,2024-03-11,159.85,France
578,Anthony Lutz,"Mcclain, Patton and Mcdonald",Horror,2024-04-19,,210.65,Germany
579,John Mayer,Green and Sons,Animation,2024-04-19,2024-04-27,95.72,UK
580,Misty Phillips DDS,Smith PLC,Comedy,2024-05-13,,284.33,Germany
581,Joseph Cole,"Cline, Pennington and Snow",Horror,2024-01-05,2024-01-07,,India
582,Calvin Juarez,"Rivera, Thompson and Watson",Sci-Fi,2024-04-28,2024-05-03,142.44,Germany
583,Michael Weber,Martinez Inc,Comedy,2024-02-02,,123.04,France
584,Amber Caldwell,Mendez Group,Drama,2024-01-04,,285.32,Canada
585,Terri Williams,Rosario Group,Thriller,2024-04-12,2024-04-15,,Australia
586,Heidi Valencia,Gray-Peterson,Action,2024-02-03,,115.15,Canada
587,James Green,Holmes Ltd,Horror,2024-04-07,2024-04-15,270.08,UK
588,Lisa Gutierrez,"Wilson, Parks and Johnson",Sci-Fi,2024-03-14,,273.5,UK
589,Alexander Mullins,Garcia-Harris,Comedy,2024-02-26,2024-03-03,319.01,Japan
590,Micheal Horn,"Snyder, Mcneil and Miller",Animation,2024-06-19,,200.97,France
591,David Rogers,Padilla-Hickman,Animation,2024-03-11,,,India
592,Tiffany Becker,Ellison-Santana,Action,2024-02-02,2024-02-10,101.07,Australia
593,Mark Gibson,"Hall, Thornton and Wilson",Comedy,2024-01-10,2024-01-13,228.77,Japan
594,Christopher Duncan,"Richardson, Gill and Taylor",Sci-Fi,2024-05-25,2024-05-31,213.87,Japan
595,Samantha Adkins,"Lewis, Henry and Harris",Romance,2024-02-09,2024-02-17,180.5,USA
596,William Miller,Lara Ltd,Thriller,2024-06-18,,224.79,France
597,Jessica Nguyen,"Hodges, Norris and Serrano",Horror,2024-05-13,2024-05-16,,Japan
598,Melanie Rogers,Ellis Inc,Thriller,2024-04-03,2024-04-06,252.18,Japan
599,Tanya White,Thompson-Nelson,Action,2024-01-15,,315.26,France
600,David Fischer,Higgins Ltd,Drama,2024-04-25,2024-04-28,279.93,Australia
601,Dr. Tara Hernandez,Webb-Garcia,Drama,2024-03-19,2024-03-26,333.09,UK
602,Casey Melton,Gilmore Ltd,Drama,2024-03-10,2024-03-14,358.48,USA
603,Donna Everett,"Carney, Campos and Aguilar",Romance,2024-03-27,2024-03-29,258.5,Japan
604,Lori Hernandez,"Yang, Reeves and Turner",Comedy,2024-05-25,,197.11,France
605,Stephanie Grant,Taylor Group,Thriller,2024-02-10,,110.95,Germany
606,Donna Dixon,Butler-Dorsey,Drama,2024-05-09,2024-05-16,135.67,USA
607,Colleen Diaz PhD,Weaver-Chaney,Drama,2024-02-28,2024-03-03,293.62,USA
608,Catherine Campbell,"Miller, Johnson and Johnson",Thriller,2024-01-26,,136.02,Japan
609,Heather Allen,Nichols-Long,Comedy,2024-01-08,2024-01-15,154.02,Canada
610,Adrienne Reyes,Simmons Ltd,Drama,2024-03-05,2024-03-12,,Canada
611,Michelle Peters,Gutierrez Inc,Sci-Fi,2024-04-14,2024-04-16,116.6,Canada
612,Andrew Curry,Pham-Webb,Comedy,2024-01-08,2024-01-13,136.12,USA
613,Joshua Gray,"Wood, Miller and Farrell",Comedy,2024-05-03,2024-05-08,262.37,UK
614,Brittany Robbins,"Cooper, Brown and Gilmore",Horror,2024-06-11,2024-06-14,286.12,Australia
615,Penny Taylor,Schmitt and Sons,Romance,2024-04-27,2024-05-03,146.44,USA
616,Scott Black,Conway-Mccall,Sci-Fi,2024-06-10,2024-06-15,232.54,Australia
617,Vanessa Pope,Santos-Thompson,Sci-Fi,2024-03-01,2024-03-08,268.23,Australia
618,Brent Hensley,Green LLC,Action,2024-01-24,2024-02-01,114.01,France
619,Donald Brown,Brown and Sons,Action,2024-03-26,,188.59,Germany
620,Edgar Clark,"Wallace, Williams and Thomas",Thriller,2024-03-25,2024-03-30,284.61,USA
621,Crystal Howe,"Rubio, West and Hanna",Horror,2024-06-21,2024-06-24,343.46,Australia
622,Theresa Santana,Raymond Inc,Drama,2024-05-31,2024-06-07,181.49,Germany
623,Chelsea Pugh,"Lopez, Brown and Carlson",Thriller,2024-02-05,2024-02-09,320.66,Germany
624,Kevin Kane,Mills and Sons,Animation,2024-03-16,,318.4,USA
625,Benjamin Valdez,Hill Ltd,Romance,2024-01-12,2024-01-18,142.2,Japan
626,Kerri House,Carter-Maldonado,Horror,2024-03-08,,,Canada
627,Casey Castillo,Rivers Inc,Horror,2024-06-28,2024-06-30,265.58,USA
628,Cory Torres MD,Murray-Simpson,Thriller,2024-01-24,2024-01-27,221.23,Germany
629,Denise Diaz,Green and Sons,Horror,2024-02-04,2024-02-07,170.01,UK
630,Nicole Key,"Nicholson, Lee and Wallace",Horror,2024-06-01,2024-06-04,356.78,Canada
631,Sarah Campbell,"Garcia, King and Turner",Sci-Fi,2024-05-07,2024-05-12,129.49,Australia
632,Dominique Gallagher,"Doyle, Shaw and Sullivan",Comedy,2024-03-29,2024-04-06,220.47,Canada
633,Kristin Manning,"Davis, Pittman and Jackson",Action,2024-03-16,,347.66,India
634,Jennifer Larson,Riley-Kline,Drama,2024-03-12,2024-03-20,301.98,Canada
635,Kathryn Gonzales,"Foster, Walker and Perez",Thriller,2024-03-17,2024-03-25,114.15,Germany
636,Donna Lucas,Rodriguez-Riley,Horror,2024-05-25,2024-05-27,308.46,Australia
637,Mr. Daniel Jones,Meyers-Roberts,Romance,2024-01-27,2024-01-31,133.75,India
638,Benjamin Lee,Larsen-Baldwin,Romance,2024-02-10,2024-02-17,290.11,France
639,Bradley Wiley,Kelly Group,Action,2024-03-16,,320.33,India
640,Benjamin Ortega,Espinoza Group,Action,2024-03-09,2024-03-11,130.97,USA
641,Teresa Mcmillan,Howard Inc,Animation,2024-05-03,2024-05-05,310.69,Canada
642,Jacob Love,Mercado PLC,Action,2024-01-30,2024-02-01,213.24,UK
643,Tammy Young,Oliver PLC,Romance,2024-03-07,2024-03-13,,USA
644,Matthew Jones,Ward-Russell,Animation,2024-03-27,2024-03-31,273.27,Australia
645,Diane Rivas,Johnson LLC,Action,2024-02-24,2024-03-02,273.45,Germany
646,Catherine Gonzales DVM,Williams LLC,Horror,2024-04-16,,233.6,Australia
647,David James,Montes-Sanchez,Animation,2024-03-17,2024-03-20,,Germany
648,Isabella Dixon,"Andersen, Lopez and Moore",Horror,2024-03-15,2024-03-20,128.62,USA
649,Nicole Little DDS,Cooper-Smith,Comedy,2024-05-15,2024-05-19,,Canada
650,Jason Rojas,Mcpherson Group,Sci-Fi,2024-06-23,,95.5,UK
651,Sue Hall,Escobar-Brewer,Animation,2024-03-03,2024-03-08,273.99,France
652,William Castaneda,Gonzalez-Anderson,Romance,2024-04-18,2024-04-22,358.64,Germany
653,Natalie Richard,Tucker PLC,Thriller,2024-04-03,2024-04-07,,Germany
654,Mark Blair,"Martinez, Johnson and Murphy",Horror,2024-06-21,2024-06-29,,France
655,Savannah Torres,Cole Inc,Animation,2024-01-22,,289.95,India
656,Steven Mcconnell,"Brown, Reese and Robinson",Sci-Fi,2024-05-12,2024-05-15,200.03,Canada
657,Thomas Johnson,Mitchell Ltd,Sci-Fi,2024-06-18,,215.56,UK
658,Oscar Delgado,Short-Burke,Comedy,2024-06-23,,204.43,Japan
659,Megan Wright,Garrison Ltd,Sci-Fi,2024-05-29,2024-06-05,175.93,Canada
660,Matthew Dawson,"Ramirez, Evans and Barnes",Animation,2024-02-04,,164.3,Japan
661,Heather Wilson,"Solis, Lopez and Miller",Animation,2024-06-11,,181.99,Canada
662,Douglas Mitchell,"Galloway, Moses and Weber",Sci-Fi,2024-04-19,,,Germany
663,Jose Sosa,Salinas-Murray,Thriller,2024-04-26,,278.16,Canada
664,Michael Adams,"Strong, Lucas and Williams",Thriller,2024-06-29,,111.21,Australia
665,Andrea Jackson,"Norton, Walsh and Walton",Horror,2024-02-13,,98.8,France
666,Theresa Gonzalez,"Martin, Odonnell and Holmes",Horror,2024-01-09,,284.76,France
667,Andrew Harris,Sutton LLC,Drama,2024-05-14,,,Japan
668,Jacob Hayes,Alvarado Group,Sci-Fi,2024-02-06,2024-02-10,278.39,Germany
669,Kayla Moore,Wallace and Sons,Animation,2024-05-09,2024-05-17,295.49,France
670,Kenneth Schroeder,Armstrong-Schultz,Drama,2024-01-19,2024-01-27,221.55,France
671,Erica Jones,Newman-Sanders,Thriller,2024-03-20,2024-03-24,357.05,Canada
672,Sarah Edwards DDS,Vaughn-Vega,Comedy,2024-02-07,2024-02-15,192.79,Germany
673,Patrick Walker,"Smith, Gonzalez and Parsons",Sci-Fi,2024-02-13,,250.66,USA
674,Lisa Ross,Webb LLC,Sci-Fi,2024-04-09,,185.21,Australia
675,Alexandria Clark,"Tran, Jones and Gardner",Thriller,2024-01-13,2024-01-16,248.09,Canada
676,Jonathan Price,"Warner, Clark and Mosley",Comedy,2024-05-16,2024-05-20,270.84,India
677,Barbara Brown,Dickson-Hamilton,Action,2024-04-23,2024-04-25,304.61,Japan
678,Anna Mason,Johnson-Watts,Drama,2024-06-08,2024-06-16,,UK
679,Dustin Cook,Murphy LLC,Romance,2024-05-04,2024-05-11,265.59,UK
680,Jennifer Wise,"Scott, Johnson and Buck",Horror,2024-04-11,,153.55,Australia
681,Stephanie Anderson,"Tucker, Hernandez and Ellison",Comedy,2024-05-31,2024-06-07,95.54,France
682,Vincent Smith,"Bell, Harris and Hubbard",Thriller,2024-04-09,,169.44,India
683,Jacqueline Wright,Mendez PLC,Action,2024-04-14,,139.18,France
684,Eric Colon,"Moore, Bell and Fletcher",Animation,2024-04-23,2024-04-30,115.68,Germany
685,Preston Ross,"Johnson, Crawford and Miller",Animation,2024-05-12,2024-05-19,180.63,Germany
686,Alexander Johns,Ellis-Neal,Action,2024-01-17,2024-01-20,130.42,UK
687,Glenn Patton,Jenkins-Gomez,Thriller,2024-01-30,2024-02-04,,Germany
688,Kristin Hopkins,Diaz-Lawson,Romance,2024-06-12,2024-06-20,104.06,UK
689,Christopher Deleon,"Torres, Benson and Woods",Thriller,2024-04-13,2024-04-21,290.11,UK
690,Kimberly Estes,Hall Inc,Animation,2024-01-23,2024-01-26,115.71,UK
691,Gina Ross,"Miller, Williams and Thompson",Romance,2024-03-18,,336.92,India
692,Alvin Edwards,"Nelson, Morris and Moore",Romance,2024-05-08,2024-05-13,,France
693,Louis Griffin,Cooper LLC,Action,2024-06-02,,85.26,Japan
694,Catherine Rodriguez,Hutchinson and Sons,Drama,2024-04-14,2024-04-16,,UK
695,Tiffany Cox,Rogers-Miller,Sci-Fi,2024-01-11,,313.23,Germany
696,Kayla Clark,Lynch-Martinez,Sci-Fi,2024-02-19,2024-02-25,161.23,France
697,Jonathan Mccormick,Gillespie-Gallagher,Horror,2024-05-02,,165.41,Australia
698,Kathryn Ball,"Richardson, James and Monroe",Horror,2024-02-01,2024-02-08,346.28,France
699,Diana Trujillo,Rodriguez Ltd,Sci-Fi,2024-02-09,2024-02-12,307.66,France
700,Steven Curry,"Ramirez, Rojas and Steele",Animation,2024-03-27,2024-03-30,292.48,India
701,Stanley Robertson,Simmons-Wagner,Animation,2024-05-06,2024-05-11,320.34,USA
702,Katie Pierce,Bush-Gray,Romance,2024-05-25,2024-05-29,273.92,Germany
703,Jeffrey Bailey,Becker-Carney,Animation,2024-06-29,2024-07-02,,France
704,Tyler Gardner,"Medina, Martin and Gross",Sci-Fi,2024-03-21,2024-03-27,316.39,UK
705,Jennifer Fields,"King, Smith and Robinson",Animation,2024-04-19,2024-04-22,127.98,Japan
706,Chris Haynes,Thomas-Klein,Animation,2024-04-17,,,UK
707,Melissa Ibarra,Frey Group,Comedy,2024-05-09,2024-05-12,290.5,USA
708,Nichole Stafford,Hayes Inc,Romance,2024-06-25,,267.13,India
709,Antonio Pearson,Conner-Gibson,Animation,2024-06-08,,238.54,France
710,Cynthia Jones,"Woodard, Jones and Stevenson",Animation,2024-04-05,2024-04-08,264.6,UK
711,Sarah Jimenez,Lee Ltd,Comedy,2024-01-21,2024-01-29,195.18,Germany
712,Julia Williams,Peters-Hamilton,Romance,2024-05-15,,224.96,UK
713,Phillip Arnold,Ross-Calhoun,Thriller,2024-04-12,,217.57,Canada
714,Sandra Grimes,Carlson LLC,Comedy,2024-04-09,2024-04-17,332.02,Japan
715,Christopher Hart,Green LLC,Action,2024-03-28,2024-04-02,303.37,Germany
716,Gregory Sanchez,Henry-Clark,Drama,2024-02-05,,158.76,France
717,Kirsten Vaughn,White-Jimenez,Horror,2024-03-24,2024-03-30,187.44,USA
718,Nicole Nelson,Price and Sons,Thriller,2024-03-02,2024-03-04,248.11,Australia
719,Tracy Johnson,Bryant and Sons,Thriller,2024-03-02,,169.37,UK
720,Krista Alvarez,Webb-Maldonado,Thriller,2024-04-14,,107.28,Germany
721,Deanna Berger,Landry LLC,Action,2024-06-21,2024-06-27,141.2,UK
722,Howard Mendoza,Kerr LLC,Horror,2024-05-31,,244.23,UK
723,Eric Cervantes,Davenport Group,Romance,2024-04-04,2024-04-10,96.22,Canada
724,Lisa Davis,Greene-Robinson,Thriller,2024-04-11,,229.26,Germany
725,Tammy Torres,Wright-Alvarez,Romance,2024-06-04,,145.78,Japan
726,Amy Spencer,"Sherman, Hudson and Cooper",Drama,2024-04-05,2024-04-13,353.27,Germany
727,Kenneth Rhodes,Mullen-Harris,Thriller,2024-02-16,2024-02-19,89.89,USA
728,Angela Martinez,"Johnson, Robertson and Simpson",Sci-Fi,2024-01-10,2024-01-17,212.98,Canada
729,Steven Lane,Estrada Ltd,Action,2024-05-18,,209.35,USA
730,Jason Bennett,Nicholson Ltd,Animation,2024-01-03,2024-01-10,177.97,UK
731,Danielle Wallace,Holloway and Sons,Thriller,2024-02-13,2024-02-20,135.56,USA
732,Gina Collins,Rangel Group,Thriller,2024-03-15,2024-03-18,183.91,Germany
733,Tricia Johnson,"Ward, Downs and Ford",Animation,2024-02-13,2024-02-17,318.92,Germany
734,David Zuniga,Medina Ltd,Drama,2024-01-18,,230.17,India
735,Corey Clark,Williams-Jones,Horror,2024-02-23,2024-02-27,203.62,UK
736,Joseph Santana,"Sanchez, Edwards and Vasquez",Action,2024-05-18,2024-05-24,211.69,USA
737,Miranda Blair,Johnson-Roberts,Comedy,2024-06-04,2024-06-08,,France
738,Matthew Riley,Hurley-Hall,Romance,2024-04-28,,307.04,France
739,Marcus Bennett,Murphy-Osborne,Comedy,2024-02-18,,,Germany
740,Carrie Harrison PhD,Brown Group,Comedy,2024-04-08,,100.73,Canada
741,Dorothy Hart,Wright-Bowen,Action,2024-04-11,2024-04-15,197.28,India
742,Michele Hall,Jordan-Glover,Thriller,2024-01-18,,305.28,Japan
743,John Schmidt,"Santos, Williams and Parsons",Animation,2024-02-26,,231.83,Japan
744,Daniel Saunders,Carter Ltd,Romance,2024-02-18,2024-02-21,339.04,India
745,Brittany Martinez,Wilson and Sons,Animation,2024-06-11,2024-06-16,154.54,USA
746,Lindsay Ortega,"Haas, Knox and Cox",Animation,2024-02-01,2024-02-05,251.47,UK
747,Billy Bailey,Snyder-Bautista,Comedy,2024-04-07,2024-04-14,197.12,Japan
748,Peter Gray,"Tucker, Acevedo and Morgan",Drama,2024-06-24,,281.22,Canada
749,Alexandra Barker,"Patrick, Gaines and Williams",Comedy,2024-05-16,2024-05-22,142.94,France
750,Maria Richards,"Mack, Bishop and Murray",Sci-Fi,2024-05-31,,,Germany
751,Madison Spencer,Chavez PLC,Sci-Fi,2024-03-04,2024-03-07,243.34,India
752,Danny Rivera,Davis Ltd,Action,2024-01-18,2024-01-20,102.16,USA
753,Alexander Lee,"Shelton, Pena and Cox",Sci-Fi,2024-01-27,2024-02-02,286.59,France
754,Jennifer Johnson,"Schneider, Good and Vasquez",Animation,2024-01-09,2024-01-12,347.92,France
755,Ryan Gonzalez,Hunter PLC,Animation,2024-04-10,2024-04-14,310.76,Canada
756,Laura Benitez,"Garcia, Boone and Gill",Horror,2024-03-25,2024-03-29,311.82,UK
757,Cynthia Harrington,Rocha-Rodriguez,Horror,2024-05-01,2024-05-08,117.42,France
758,Jacob Smith,"Robinson, Woods and Mcmahon",Drama,2024-02-07,2024-02-15,,Germany
759,Daniel Cline,Espinoza-Lee,Comedy,2024-02-11,2024-02-18,266.35,Canada
760,Jamie Chen,"Cortez, Salazar and Allen",Animation,2024-05-09,,254.3,USA
761,Michael Norton,Giles-Mcgee,Horror,2024-03-24,2024-04-01,,India
762,Michael Coffey,Nunez PLC,Comedy,2024-06-15,2024-06-20,125.57,India
763,Cathy Moss,"Smith, Christensen and White",Comedy,2024-04-17,2024-04-21,160.15,Japan
764,Dustin Espinoza,Rodriguez-Roberson,Thriller,2024-05-10,,255.94,Germany
765,Natalie Cook,Wong PLC,Comedy,2024-03-01,2024-03-08,,UK
766,Mr. Adam Kennedy,Cole Group,Horror,2024-01-24,2024-01-31,310.57,France
767,Samantha Lee,"Berry, Harrison and Rodriguez",Action,2024-04-14,2024-04-21,258.13,India
768,Sean Wright,Franco-Pratt,Thriller,2024-05-16,,163.93,India
769,Troy Buck,Kane Inc,Sci-Fi,2024-02-17,,307.36,Germany
770,Justin Simon,Khan-Cooper,Drama,2024-03-21,2024-03-25,174.2,India
771,Cathy Livingston,Johnson-Vazquez,Action,2024-03-14,,214.58,Canada
772,Dustin Gardner,Owen Group,Comedy,2024-04-27,2024-04-30,205.87,Germany
773,Robin Hall,Davis-Casey,Action,2024-01-28,,111.35,India
774,Timothy Richardson,"Walton, Andersen and Colon",Drama,2024-01-23,2024-01-26,356.46,Japan
775,Samantha Luna,Welch Ltd,Romance,2024-02-02,2024-02-08,111.45,India
776,Paula Gonzalez,"Golden, Meadows and Rice",Comedy,2024-02-20,2024-02-27,306.63,USA
777,Bonnie Thomas,"Flores, Avila and Smith",Thriller,2024-05-16,2024-05-18,157.79,Canada
778,Teresa Miller,Walker and Sons,Animation,2024-06-24,2024-06-29,271.82,Germany
779,Jason Jacobs,Sullivan and Sons,Romance,2024-02-04,2024-02-06,116.58,UK
780,Jennifer Taylor,"Mccann, Mitchell and Mccullough",Thriller,2024-05-11,2024-05-13,247.92,UK
781,Mrs. Andrea Nelson,"Morse, Mann and Schultz",Action,2024-04-24,,285.24,Canada
782,Jennifer James,Bass-Lynch,Thriller,2024-01-02,2024-01-10,190.97,Canada
783,Sandra Hughes,Peters LLC,Thriller,2024-03-16,2024-03-24,86.78,Australia
784,Kevin Mcgee,"Wood, Mccann and Zavala",Romance,2024-05-18,2024-05-25,341.55,Japan
785,Philip Evans,Griffin-Dawson,Romance,2024-01-16,,,Canada
786,Rachel Perez,Garza-Garcia,Animation,2024-05-10,2024-05-18,149.09,Australia
787,Christopher Miller,Newman-Mitchell,Drama,2024-01-08,2024-01-13,,Germany
788,Lee Rhodes,Ross-Goodwin,Animation,2024-02-09,2024-02-11,143.91,France
789,Michael Flores,Mitchell Inc,Comedy,2024-04-02,2024-04-08,264.02,USA
790,Eric Brooks,Rivers-York,Romance,2024-03-18,2024-03-21,206.59,Germany
791,Justin Pineda,Harper and Sons,Romance,2024-03-13,2024-03-21,144.7,France
792,Kathy Stuart,Wright LLC,Animation,2024-01-31,2024-02-06,109.45,Germany
793,Christine Taylor,"Long, Everett and Farley",Romance,2024-03-04,2024-03-06,135.1,Germany
794,Christine Dunn,Webb LLC,Comedy,2024-06-25,2024-06-27,359.35,Australia
795,Sarah Williams,Robbins Inc,Action,2024-06-29,2024-07-06,281.96,Germany
796,Carolyn Boyle,"Brown, Duncan and Butler",Romance,2024-03-11,2024-03-13,,Germany
797,Brandon Ramsey,Hartman Ltd,Animation,2024-03-17,2024-03-20,186.32,France
798,Aaron Moreno,Washington-Gay,Horror,2024-01-28,,271.76,France
799,Henry Calhoun,Jones-Benton,Thriller,2024-05-09,,312.84,Australia
800,Sabrina Stewart,Brown Group,Romance,2024-04-30,2024-05-02,155.81,France
801,Raymond Smith,"Mccall, Thomas and Johnson",Romance,2024-05-12,2024-05-18,178.08,India
802,Victoria Williams,"Hansen, Smith and Taylor",Horror,2024-04-05,2024-04-12,91.85,India
803,Stacey Cruz,Shepard PLC,Thriller,2024-04-20,2024-04-23,331.51,France
804,Jake Wood,"Gardner, Moore and Martin",Animation,2024-05-06,2024-05-12,162.44,India
805,Sheri Lee,Mckinney-Gordon,Drama,2024-01-20,2024-01-22,,USA
806,Richard Jones,Griffin-Brown,Romance,2024-01-24,2024-01-29,193.99,UK
807,Jessica Schmidt,Tate-Taylor,Romance,2024-01-21,,87.62,Japan
808,Blake Chandler,"Mendoza, Livingston and Bray",Romance,2024-01-23,,304.03,France
809,Richard Vega,Rogers-Strickland,Horror,2024-04-12,2024-04-17,176.31,France
810,Monica Maynard,"Huffman, Cook and Mcclure",Thriller,2024-02-07,,,India
811,Johnathan Morales,Brown Group,Animation,2024-05-02,2024-05-09,334.52,USA
812,Sheila Lawrence,"Burton, Mason and Hoover",Sci-Fi,2024-06-23,2024-06-30,232.37,Japan
813,Timothy Boyer,"Hill, Miller and Marks",Action,2024-05-03,2024-05-05,273.94,Canada
814,Anthony Brewer,Flowers-Murphy,Romance,2024-04-21,2024-04-26,209.07,UK
815,Juan Cruz,Ramirez-Rodgers,Action,2024-01-11,2024-01-14,131.92,Germany
816,Joshua Butler,"Lucero, Mcmahon and Peterson",Horror,2024-04-26,2024-05-01,213.15,Japan
817,Lori Morris,Howard-Gonzales,Horror,2024-04-08,,307.07,UK
818,Christina Smith,Decker and Sons,Thriller,2024-01-04,2024-01-07,,India
819,Ronald Steele,Kelley-Fuentes,Animation,2024-01-23,2024-01-29,309.37,UK
820,Kenneth Morris,Torres and Sons,Sci-Fi,2024-02-11,2024-02-17,151.26,Australia
821,Alexander Mcgee,Richards-Flores,Comedy,2024-01-15,2024-01-20,327.95,Canada
822,Allison Vega,Levine Inc,Action,2024-04-26,2024-04-30,292.31,India
823,Jennifer Riley,"Lee, Coleman and Mcguire",Sci-Fi,2024-02-25,2024-03-01,113.6,India
824,Crystal Andrews,Matthews-Austin,Romance,2024-05-23,,,India
825,Austin Smith,"Rogers, Vincent and Zhang",Horror,2024-02-03,2024-02-08,337.24,Canada
826,Jennifer Harris,"Carter, Beard and Hernandez",Romance,2024-06-11,2024-06-16,85.17,France
827,Joshua Zimmerman,"Nguyen, Schultz and Nguyen",Horror,2024-06-29,2024-07-04,145.14,Germany
828,Jason Hayes,Jordan-Lewis,Thriller,2024-02-10,,287.13,Canada
829,Zachary Bray,Holmes-Perez,Horror,2024-04-30,2024-05-03,117.47,Germany
830,Theodore Sandoval,Dickson Ltd,Horror,2024-01-21,2024-01-29,341.44,UK
831,Victoria Peterson,Medina-Manning,Horror,2024-01-28,2024-02-05,146.05,Australia
832,Amanda Meyers,Kelly-Reed,Comedy,2024-06-17,,204.58,India
833,Andrew Ellis,"Rodriguez, Adams and Conner",Sci-Fi,2024-02-27,2024-02-29,244.16,India
834,Brian Weaver,Schwartz-Johnson,Romance,2024-01-07,2024-01-15,295.68,Germany
835,David Ramos MD,Irwin-Jimenez,Comedy,2024-01-31,2024-02-08,,India
836,Miranda Harris,Nguyen PLC,Thriller,2024-06-20,2024-06-25,102.69,Germany
837,Christopher Clark,Camacho Ltd,Horror,2024-02-19,2024-02-23,206.59,India
838,Tony Bolton,Bishop-Mclaughlin,Animation,2024-03-29,2024-04-04,248.35,UK
839,Lisa Jimenez,Khan Ltd,Sci-Fi,2024-01-24,2024-01-31,116.3,USA
840,Kenneth Perkins,"Vargas, Knight and Andrews",Drama,2024-05-02,2024-05-05,236.56,Germany
841,Mary Thomas,"Bennett, Harrington and Baker",Comedy,2024-05-09,2024-05-16,142.94,Australia
842,James Casey,Sanchez-Bates,Sci-Fi,2024-04-18,2024-04-26,359.59,UK
843,Christopher Powell,Mitchell-Phillips,Horror,2024-03-04,2024-03-10,272.05,UK
844,Amanda Brown,"Smith, Johnson and Small",Action,2024-04-12,2024-04-14,347.45,France
845,Jennifer Thompson,"Short, Nicholson and Lyons",Thriller,2024-05-07,2024-05-13,166.6,Japan
846,Sarah Price,Roberts Ltd,Comedy,2024-03-23,2024-03-27,318.09,India
847,Dan Smith,Thomas-Ponce,Action,2024-04-08,,175.12,Canada
848,Jorge Jones,Miller-Moyer,Action,2024-04-04,2024-04-12,229.57,Australia
849,Alexandra Carlson,"Russell, Collins and Thompson",Thriller,2024-04-27,2024-04-30,244.29,Canada
850,Zachary Benson,Walker LLC,Sci-Fi,2024-04-17,2024-04-22,100.32,Canada
851,Laura Day,"Snyder, Farmer and George",Drama,2024-05-11,,320.71,Australia
852,Jennifer Torres,Jackson LLC,Horror,2024-06-11,2024-06-13,147.0,Japan
853,Olivia Pineda,Johnson and Sons,Drama,2024-01-27,2024-01-29,143.57,France
854,Lori Roberts,"Long, Serrano and Ramos",Animation,2024-05-21,2024-05-29,273.48,USA
855,Michael Smith,Martin Inc,Romance,2024-03-19,2024-03-27,141.29,UK
856,Michael Gray,"Duncan, Torres and Zavala",Romance,2024-05-31,2024-06-06,,Japan
857,Hunter Daniels,"Larsen, Gomez and Kelley",Horror,2024-03-07,,153.74,Canada
858,Robert Hernandez,"Marsh, Bryan and Mitchell",Romance,2024-05-27,,147.76,France
859,Thomas Hoffman,Gutierrez-Baker,Comedy,2024-05-28,2024-05-31,88.02,India
860,Terry Mendoza,Frye-Moore,Sci-Fi,2024-06-24,2024-06-27,212.02,France
861,Sara Morales,Carson-Anderson,Drama,2024-06-24,2024-06-26,171.81,France
862,Abigail Winters,Simpson-Sanchez,Romance,2024-01-29,2024-02-04,166.97,Japan
863,Tammy Lopez,Parker-Mcneil,Horror,2024-01-03,2024-01-11,204.62,Canada
864,Heather Evans,Scott-Warren,Thriller,2024-06-17,2024-06-24,124.0,India
865,Jean Pennington,Bowman and Sons,Drama,2024-06-01,2024-06-04,282.71,Germany
866,Stephen Williams,Lee and Sons,Action,2024-05-25,2024-05-28,299.1,Canada
867,Kenneth Pittman,Thomas-Sanders,Drama,2024-04-22,2024-04-26,213.74,France
868,Karen Parker,Deleon Inc,Action,2024-01-25,2024-01-28,139.62,USA
869,Rebecca Stanton,"Wright, Davis and Mooney",Thriller,2024-03-07,2024-03-15,252.89,Japan
870,Tanya Williams,Abbott Group,Horror,2024-04-14,2024-04-17,268.07,Japan
871,Tracy Martinez,Glenn-Frazier,Thriller,2024-01-07,,168.09,Germany
872,Patricia Herrera,Long-Ellison,Horror,2024-02-14,2024-02-19,340.91,France
873,Christopher Lee,"Cobb, King and Acosta",Horror,2024-05-14,,,Canada
874,Vanessa Jacobs,Smith Group,Romance,2024-06-07,2024-06-09,273.82,Australia
875,Luke Smith,Ortiz Group,Horror,2024-06-10,2024-06-15,122.18,USA
876,Scott Solomon,"Whitehead, Mckinney and Cooper",Action,2024-01-23,2024-01-30,313.01,France
877,Todd Duncan,Kennedy LLC,Action,2024-01-04,2024-01-08,145.64,Australia
878,Jennifer Rodriguez,"Gordon, Douglas and Chambers",Animation,2024-01-28,2024-02-03,241.57,USA
879,Michael Barnes,"Alvarez, Erickson and Jones",Horror,2024-06-28,2024-07-02,323.77,France
880,Laura Edwards,"Clark, Anderson and Ramos",Animation,2024-05-25,,231.03,Japan
881,Terry Davis,Martinez Ltd,Comedy,2024-02-16,,356.19,USA
882,Eric Smith,Williams-Ortega,Animation,2024-04-04,,214.58,Japan
883,Veronica Alvarado,Bolton Inc,Action,2024-04-11,2024-04-18,255.95,Canada
884,Darrell Jordan,Gonzalez Group,Action,2024-01-28,,270.8,Australia
885,Christine Taylor,Ayala-Hubbard,Horror,2024-05-04,2024-05-10,303.8,Australia
886,Maria Robertson,"Bailey, Martinez and Moreno",Sci-Fi,2024-04-18,2024-04-25,330.05,Australia
887,Gregg Dennis,"Fields, Warren and Washington",Drama,2024-01-10,2024-01-18,326.2,Canada
888,Karen Sanchez DDS,Peterson-Moore,Romance,2024-06-03,2024-06-07,282.11,Germany
889,Todd Mack,"Little, Williams and Henderson",Action,2024-01-10,,131.54,India
890,Robert Smith,Mason Group,Horror,2024-03-08,,,Canada
891,Joshua Morales,Hernandez-Trevino,Thriller,2024-04-10,2024-04-15,194.08,India
892,Robert Mitchell,Alexander-May,Comedy,2024-01-30,2024-02-03,,Germany
893,Vincent Huerta,"Smith, Patel and Marshall",Romance,2024-04-21,,259.27,UK
894,Michelle Silva,"Sandoval, Gamble and Flores",Thriller,2024-05-21,2024-05-24,,Germany
895,Bradley Johnson,Porter-Moon,Horror,2024-05-12,2024-05-20,,Japan
896,Andrew Manning,Hughes-Mcdonald,Animation,2024-04-07,2024-04-15,356.58,UK
897,Marvin Baker,"Davis, Ryan and Giles",Comedy,2024-05-21,2024-05-26,255.05,Australia
898,Debbie White,"Clark, Bird and Cunningham",Action,2024-02-27,,209.39,India
899,Sean Ruiz,Johnson Inc,Sci-Fi,2024-06-04,,263.74,Japan
900,Claudia Christian,"Tucker, Monroe and Simon",Romance,2024-06-18,,,Japan
901,Alexis Foster,Holmes-Grant,Comedy,2024-04-14,,358.7,India
902,Dawn Floyd,Mendoza Inc,Action,2024-04-20,2024-04-22,197.58,India
903,Sarah Woods,Johnson Inc,Romance,2024-04-10,,,UK
904,Ruben Nelson,Whitney-Bernard,Horror,2024-05-03,2024-05-06,167.0,USA
905,Andrew Hodge,Perry PLC,Drama,2024-04-14,2024-04-16,136.34,India
906,Timothy Harris,Bauer Group,Sci-Fi,2024-02-06,2024-02-14,139.48,UK
907,Mary Smith,Rodriguez Group,Drama,2024-04-12,2024-04-20,,UK
908,Leslie Fry,Wright Inc,Thriller,2024-06-04,,96.41,USA
909,Justin Scott,"Jacobson, Horton and Dudley",Action,2024-01-06,2024-01-10,315.15,Japan
910,Rhonda Cunningham,Jones-Medina,Drama,2024-05-31,2024-06-08,307.97,UK
911,Janet Benitez,Camacho-Fritz,Thriller,2024-02-19,,,Japan
912,Kathryn Jenkins,Anderson Group,Drama,2024-04-02,2024-04-08,110.93,Germany
913,Melissa Ramirez,White Group,Drama,2024-03-12,2024-03-16,294.81,Australia
914,Melissa Taylor,Dixon-Cervantes,Thriller,2024-05-15,2024-05-22,157.3,France
915,Michael King,"Sanchez, Meyer and Freeman",Comedy,2024-05-01,,224.01,Japan
916,Carlos Roberts,"Molina, Hernandez and Maldonado",Sci-Fi,2024-05-24,2024-05-27,287.54,India
917,Stephen Salazar,Anderson PLC,Sci-Fi,2024-05-18,2024-05-21,231.37,France
918,Nathaniel James,"Banks, Moore and Bailey",Romance,2024-06-22,,270.78,Australia
919,Kathryn Dodson,Wilson-Moss,Drama,2024-03-21,2024-03-23,322.84,Germany
920,Eric Carpenter DVM,"Nicholson, Moss and Rodriguez",Comedy,2024-04-15,2024-04-17,285.29,Australia
921,Megan Williams,Rios-Dixon,Comedy,2024-01-14,,178.22,Canada
922,Brittany Davis,"Harrington, Green and Thornton",Romance,2024-03-21,,351.92,Japan
923,Jimmy Copeland,Beltran-Johnson,Animation,2024-02-04,,,France
924,Ronnie Velazquez,Johnson-Alvarez,Thriller,2024-04-17,2024-04-24,290.0,UK
925,Anthony Salazar,Pena-Vasquez,Sci-Fi,2024-01-08,2024-01-15,127.08,Japan
926,Christopher Cook,Mcknight PLC,Sci-Fi,2024-02-09,2024-02-16,194.63,Japan
927,Patricia Long,Lee-Willis,Thriller,2024-01-01,2024-01-05,231.88,Canada
928,Kim Roy,Reed-Adams,Animation,2024-01-01,2024-01-06,316.86,France
929,Taylor Hanson,"Lopez, Cobb and Cook",Horror,2024-03-15,2024-03-18,210.63,UK
930,Colleen Jenkins,Shea-French,Horror,2024-03-14,2024-03-20,186.01,Canada
931,Mary Flores,"Aguirre, Davis and Ramos",Thriller,2024-01-17,2024-01-19,96.12,USA
932,Logan Graves,"Bridges, Carney and Thomas",Romance,2024-05-08,2024-05-10,123.46,India
933,Phillip Smith,Barrera-Schneider,Animation,2024-03-19,2024-03-25,278.96,France
934,Charles Johnson,"Cook, Avery and Jones",Thriller,2024-01-26,2024-02-03,158.44,Australia
935,Kelly Woods,Mills-Buck,Thriller,2024-04-20,2024-04-23,355.74,Germany
936,Jennifer Bailey,"Kane, King and Padilla",Romance,2024-02-11,,173.94,Japan
937,Marisa Cox,Higgins-Smith,Romance,2024-04-29,2024-05-06,248.66,Germany
938,Gloria Acevedo,"Tyler, Clark and Caldwell",Romance,2024-03-30,2024-04-04,155.54,Germany
939,Joanna Weeks,Hall Ltd,Thriller,2024-01-04,2024-01-12,,Japan
940,Mrs. Linda Flores,"Marquez, Hall and Jordan",Animation,2024-05-18,2024-05-21,,Germany
941,Tamara Watts,Miller Ltd,Romance,2024-02-02,2024-02-06,291.4,Germany
942,Anthony Jackson,Jackson-Kennedy,Comedy,2024-06-20,2024-06-24,304.26,Canada
943,Melissa Padilla,Robinson-Moran,Drama,2024-05-07,,104.57,Germany
944,Jessica Martinez,"Ross, Washington and Johnson",Sci-Fi,2024-05-08,2024-05-11,,Germany
945,Jesse Andrews,Wilkinson Ltd,Action,2024-04-16,2024-04-20,,Germany
946,Patrick Eaton,Pratt and Sons,Romance,2024-02-08,2024-02-15,90.4,Canada
947,Tonya Brown,Barrett Group,Action,2024-01-29,2024-02-01,152.36,Canada
948,Ryan Elliott,"Johnston, Johnson and Rivera",Romance,2024-03-23,2024-03-29,185.17,Canada
949,Kathryn Clark,Weaver-Smith,Thriller,2024-02-14,2024-02-21,322.88,Japan
950,Shirley Malone,"Jacobs, Mcguire and Middleton",Romance,2024-03-28,2024-03-30,194.56,Canada
951,James Harris,Santos LLC,Action,2024-02-08,,148.56,India
952,John Molina,Schmidt-Calderon,Action,2024-04-03,2024-04-07,217.15,Germany
953,Justin Morris,Swanson-Barnes,Comedy,2024-05-11,,296.02,Japan
954,Paul Ball,Stuart-Buckley,Action,2024-03-30,2024-04-01,110.61,Japan
955,Timothy Gross,"Green, Poole and Nelson",Comedy,2024-01-30,,304.88,Australia
956,Kimberly Watkins,Johnson-Bailey,Comedy,2024-06-06,,111.47,Germany
957,Thomas Holloway,Young-Howell,Action,2024-06-17,2024-06-22,295.12,Canada
958,Krista Carney,Gutierrez Group,Thriller,2024-01-25,2024-01-28,109.7,France
959,Ronald Whitaker,"Riley, Herman and Lin",Romance,2024-03-18,2024-03-22,,France
960,Christine Schneider,Miller-Sanchez,Drama,2024-01-25,2024-02-02,335.3,France
961,Bradley Cox,King and Sons,Comedy,2024-01-30,,149.09,France
962,Charles Odom,Martin Inc,Comedy,2024-06-04,2024-06-10,215.63,Japan
963,Katherine Moran,Warren-Delgado,Action,2024-04-07,,287.52,Japan
964,Kathryn Gonzalez,Farmer-Carpenter,Romance,2024-02-10,2024-02-13,127.21,Canada
965,Stephen Grant,Day-Parker,Horror,2024-02-19,2024-02-25,,Japan
966,Nicole Castro,Sullivan-Dillon,Action,2024-04-28,,,India
967,Mr. Francisco Alvarado,"Lopez, Holland and Suarez",Thriller,2024-05-14,,,Germany
968,Corey Pham,Gardner Ltd,Animation,2024-06-02,,,USA
969,Victoria White,Washington-Richardson,Horror,2024-02-21,2024-02-26,210.46,Japan
970,Sonya Arnold,Kemp LLC,Sci-Fi,2024-05-30,2024-06-03,100.53,USA
971,Yesenia Jones,"Little, Hudson and Nguyen",Sci-Fi,2024-02-23,2024-03-01,135.58,UK
972,Ann Shepard,Burgess Ltd,Sci-Fi,2024-02-26,2024-02-28,180.92,UK
973,Thomas Spencer,Stanley Inc,Animation,2024-01-25,2024-01-29,155.92,UK
974,Christy Thomas,"Merritt, Cruz and Mccormick",Action,2024-02-12,,185.62,USA
975,John Kelley,"Cunningham, Hebert and Thomas",Sci-Fi,2024-05-03,2024-05-10,275.03,Canada
976,Colin Walker,"Kline, Anderson and Roberts",Animation,2024-05-23,,231.23,UK
977,Dennis Thompson,Carter-Acevedo,Thriller,2024-03-30,2024-04-07,149.96,Germany
978,Shannon Moreno,Wilson-Phillips,Action,2024-04-30,2024-05-04,312.92,Australia
979,Lindsey Miller MD,"Knight, Padilla and Cervantes",Horror,2024-03-12,2024-03-18,325.07,Australia
980,Daniel Oneal,"Rodriguez, Mendoza and Evans",Thriller,2024-01-03,2024-01-11,251.66,UK
981,Stephanie Dudley,Holmes-Hopkins,Horror,2024-04-12,,148.82,Australia
982,Michael Mcdonald,Wright-Hernandez,Horror,2024-01-10,2024-01-17,215.74,UK
983,Rebecca Davis,"Sherman, Kerr and Carrillo",Comedy,2024-05-21,2024-05-25,,UK
984,Heather Finley,"Floyd, Macias and Ortega",Action,2024-01-20,2024-01-23,199.72,Japan
985,Marvin Spencer,"Bell, Barrett and Juarez",Comedy,2024-05-22,,84.01,Australia
986,Tanner Cox,Dillon Inc,Sci-Fi,2024-01-30,2024-02-01,178.36,Germany
987,Jennifer Wallace,Jackson-Cordova,Horror,2024-04-05,2024-04-07,225.34,UK
988,Robert Jordan,"Gibbs, Hall and Gilmore",Thriller,2024-01-28,2024-01-30,328.45,Japan
989,Sarah Dunn,"Rodgers, Bell and Jones",Animation,2024-04-13,,272.01,Japan
990,Amanda Franco,Hill-Gross,Sci-Fi,2024-05-05,,111.55,USA
991,Brooke Stout,Garcia LLC,Thriller,2024-05-20,2024-05-28,112.09,Japan
992,Joseph Jones,Powers-Brown,Animation,2024-02-07,2024-02-12,185.48,UK
993,Sandra Greer,Salazar-Green,Animation,2024-02-16,2024-02-19,235.9,Germany
994,Justin Mendez,Bush and Sons,Horror,2024-03-16,2024-03-24,110.35,Canada
995,Tammy Arnold,Chambers-Williams,Romance,2024-06-08,2024-06-15,313.99,Australia
996,Matthew Jensen,"Cooper, Cantu and Mejia",Thriller,2024-05-05,2024-05-07,220.36,India
997,John Harvey,Olson-Blake,Comedy,2024-02-09,2024-02-17,251.83,Australia
998,Barbara Ross,Roberts-Lara,Drama,2024-01-02,,319.47,Australia
999,Wendy Smith,"Combs, Rodriguez and Wood",Action,2024-02-21,,338.32,UK
1000,Brian Brown,"Myers, Patterson and Brown",Action,2024-05-29,,255.45,Japan
